date,Date,pm25_sea_ma
01-01-2018 00:00,01-01-2018,423
01-01-2018 01:00,01-01-2018,414
01-01-2018 02:00,01-01-2018,417
01-01-2018 03:00,01-01-2018,466
01-01-2018 04:00,01-01-2018,470
01-01-2018 05:00,01-01-2018,449
01-01-2018 06:00,01-01-2018,404
01-01-2018 07:00,01-01-2018,380
01-01-2018 08:00,01-01-2018,371
01-01-2018 09:00,01-01-2018,332
01-01-2018 10:00,01-01-2018,336
01-01-2018 11:00,01-01-2018,382
01-01-2018 12:00,01-01-2018,411
01-01-2018 13:00,01-01-2018,426
01-01-2018 14:00,01-01-2018,420
01-01-2018 15:00,01-01-2018,330
01-01-2018 16:00,01-01-2018,320
01-01-2018 17:00,01-01-2018,301
01-01-2018 18:00,01-01-2018,386
01-01-2018 19:00,01-01-2018,480
01-01-2018 20:00,01-01-2018,472
01-01-2018 21:00,01-01-2018,444
01-01-2018 22:00,01-01-2018,438
01-01-2018 23:00,01-01-2018,448
02-01-2018 00:00,02-01-2018,492
02-01-2018 01:00,02-01-2018,446
02-01-2018 02:00,02-01-2018,341
02-01-2018 03:00,02-01-2018,342
02-01-2018 04:00,02-01-2018,337
02-01-2018 05:00,02-01-2018,362
02-01-2018 06:00,02-01-2018,384
02-01-2018 07:00,02-01-2018,394
02-01-2018 08:00,02-01-2018,364
02-01-2018 09:00,02-01-2018,350
02-01-2018 10:00,02-01-2018,348
02-01-2018 11:00,02-01-2018,367
02-01-2018 12:00,02-01-2018,367
02-01-2018 13:00,02-01-2018,365
02-01-2018 14:00,02-01-2018,404
02-01-2018 15:00,02-01-2018,380
02-01-2018 16:00,02-01-2018,351
02-01-2018 17:00,02-01-2018,333
02-01-2018 18:00,02-01-2018,357
02-01-2018 19:00,02-01-2018,356
02-01-2018 20:00,02-01-2018,365
02-01-2018 21:00,02-01-2018,423
02-01-2018 22:00,02-01-2018,445
02-01-2018 23:00,02-01-2018,439
03-01-2018 00:00,03-01-2018,362
03-01-2018 01:00,03-01-2018,360
03-01-2018 02:00,03-01-2018,324
03-01-2018 03:00,03-01-2018,346
03-01-2018 04:00,03-01-2018,321
03-01-2018 05:00,03-01-2018,311
03-01-2018 06:00,03-01-2018,310
03-01-2018 07:00,03-01-2018,316
03-01-2018 08:00,03-01-2018,300
03-01-2018 09:00,03-01-2018,301
03-01-2018 10:00,03-01-2018,321
03-01-2018 11:00,03-01-2018,338
03-01-2018 12:00,03-01-2018,359
03-01-2018 13:00,03-01-2018,365
03-01-2018 14:00,03-01-2018,343
03-01-2018 15:00,03-01-2018,334
03-01-2018 16:00,03-01-2018,375
03-01-2018 17:00,03-01-2018,364
03-01-2018 18:00,03-01-2018,367
03-01-2018 19:00,03-01-2018,361
03-01-2018 20:00,03-01-2018,393
03-01-2018 21:00,03-01-2018,333
03-01-2018 22:00,03-01-2018,315
03-01-2018 23:00,03-01-2018,316
04-01-2018 00:00,04-01-2018,373
04-01-2018 01:00,04-01-2018,329
04-01-2018 02:00,04-01-2018,301
04-01-2018 03:00,04-01-2018,143
04-01-2018 04:00,04-01-2018,150
04-01-2018 05:00,04-01-2018,171
04-01-2018 06:00,04-01-2018,170
04-01-2018 07:00,04-01-2018,204
04-01-2018 08:00,04-01-2018,178
04-01-2018 09:00,04-01-2018,158
04-01-2018 10:00,04-01-2018,190
04-01-2018 11:00,04-01-2018,305
04-01-2018 12:00,04-01-2018,325
04-01-2018 13:00,04-01-2018,399
04-01-2018 14:00,04-01-2018,388
04-01-2018 15:00,04-01-2018,345
04-01-2018 16:00,04-01-2018,364
04-01-2018 17:00,04-01-2018,470
04-01-2018 18:00,04-01-2018,416
04-01-2018 19:00,04-01-2018,393
04-01-2018 20:00,04-01-2018,387
04-01-2018 21:00,04-01-2018,376
04-01-2018 22:00,04-01-2018,409
04-01-2018 23:00,04-01-2018,420
05-01-2018 00:00,05-01-2018,437
05-01-2018 01:00,05-01-2018,391
05-01-2018 02:00,05-01-2018,346
05-01-2018 03:00,05-01-2018,329
05-01-2018 04:00,05-01-2018,341
05-01-2018 05:00,05-01-2018,353
05-01-2018 06:00,05-01-2018,326
05-01-2018 07:00,05-01-2018,335
05-01-2018 08:00,05-01-2018,323
05-01-2018 09:00,05-01-2018,319
05-01-2018 10:00,05-01-2018,320
05-01-2018 11:00,05-01-2018,354
05-01-2018 12:00,05-01-2018,359
05-01-2018 13:00,05-01-2018,341
05-01-2018 14:00,05-01-2018,294
05-01-2018 15:00,05-01-2018,171
05-01-2018 16:00,05-01-2018,170
05-01-2018 17:00,05-01-2018,414
05-01-2018 18:00,05-01-2018,379
05-01-2018 19:00,05-01-2018,358
05-01-2018 20:00,05-01-2018,368
05-01-2018 21:00,05-01-2018,375
05-01-2018 22:00,05-01-2018,386
05-01-2018 23:00,05-01-2018,412
06-01-2018 00:00,06-01-2018,409
06-01-2018 01:00,06-01-2018,410
06-01-2018 02:00,06-01-2018,346
06-01-2018 03:00,06-01-2018,241
06-01-2018 04:00,06-01-2018,346
06-01-2018 05:00,06-01-2018,357
06-01-2018 06:00,06-01-2018,345
06-01-2018 07:00,06-01-2018,359
06-01-2018 08:00,06-01-2018,371
06-01-2018 09:00,06-01-2018,327
06-01-2018 10:00,06-01-2018,318
06-01-2018 11:00,06-01-2018,320
06-01-2018 12:00,06-01-2018,345
06-01-2018 13:00,06-01-2018,353
06-01-2018 14:00,06-01-2018,398
06-01-2018 15:00,06-01-2018,415
06-01-2018 16:00,06-01-2018,356
06-01-2018 17:00,06-01-2018,327
06-01-2018 18:00,06-01-2018,250
06-01-2018 19:00,06-01-2018,245
06-01-2018 20:00,06-01-2018,322
06-01-2018 21:00,06-01-2018,348
06-01-2018 22:00,06-01-2018,403
06-01-2018 23:00,06-01-2018,452
07-01-2018 00:00,07-01-2018,431
07-01-2018 01:00,07-01-2018,370
07-01-2018 02:00,07-01-2018,412
07-01-2018 03:00,07-01-2018,354
07-01-2018 04:00,07-01-2018,308
07-01-2018 05:00,07-01-2018,364
07-01-2018 06:00,07-01-2018,375
07-01-2018 07:00,07-01-2018,388
07-01-2018 08:00,07-01-2018,348
07-01-2018 09:00,07-01-2018,322
07-01-2018 10:00,07-01-2018,169
07-01-2018 11:00,07-01-2018,225
07-01-2018 12:00,07-01-2018,260
07-01-2018 13:00,07-01-2018,242
07-01-2018 14:00,07-01-2018,79
07-01-2018 15:00,07-01-2018,58
07-01-2018 16:00,07-01-2018,77
07-01-2018 17:00,07-01-2018,76
07-01-2018 18:00,07-01-2018,86
07-01-2018 19:00,07-01-2018,106
07-01-2018 20:00,07-01-2018,301
07-01-2018 21:00,07-01-2018,398
07-01-2018 22:00,07-01-2018,404
07-01-2018 23:00,07-01-2018,374
08-01-2018 00:00,08-01-2018,334
08-01-2018 01:00,08-01-2018,323
08-01-2018 02:00,08-01-2018,349
08-01-2018 03:00,08-01-2018,356
08-01-2018 04:00,08-01-2018,344
08-01-2018 05:00,08-01-2018,355
08-01-2018 06:00,08-01-2018,334
08-01-2018 07:00,08-01-2018,340
08-01-2018 08:00,08-01-2018,289
08-01-2018 09:00,08-01-2018,280
08-01-2018 10:00,08-01-2018,339
08-01-2018 11:00,08-01-2018,342
08-01-2018 12:00,08-01-2018,317
08-01-2018 13:00,08-01-2018,224
08-01-2018 14:00,08-01-2018,65
08-01-2018 15:00,08-01-2018,55
08-01-2018 16:00,08-01-2018,94
08-01-2018 17:00,08-01-2018,82
08-01-2018 18:00,08-01-2018,83
08-01-2018 19:00,08-01-2018,120
08-01-2018 20:00,08-01-2018,235
08-01-2018 21:00,08-01-2018,397
08-01-2018 22:00,08-01-2018,407
08-01-2018 23:00,08-01-2018,375
09-01-2018 00:00,09-01-2018,403
09-01-2018 01:00,09-01-2018,422
09-01-2018 02:00,09-01-2018,407
09-01-2018 03:00,09-01-2018,471
09-01-2018 04:00,09-01-2018,425
09-01-2018 05:00,09-01-2018,389
09-01-2018 06:00,09-01-2018,355
09-01-2018 07:00,09-01-2018,370
09-01-2018 08:00,09-01-2018,328
09-01-2018 09:00,09-01-2018,313
09-01-2018 10:00,09-01-2018,373
09-01-2018 11:00,09-01-2018,372
09-01-2018 12:00,09-01-2018,322
09-01-2018 13:00,09-01-2018,229
09-01-2018 14:00,09-01-2018,130
09-01-2018 15:00,09-01-2018,131
09-01-2018 16:00,09-01-2018,155
09-01-2018 17:00,09-01-2018,230
09-01-2018 18:00,09-01-2018,295
09-01-2018 19:00,09-01-2018,307
09-01-2018 20:00,09-01-2018,345
09-01-2018 21:00,09-01-2018,377
09-01-2018 22:00,09-01-2018,369
09-01-2018 23:00,09-01-2018,320
10-01-2018 00:00,10-01-2018,368
10-01-2018 01:00,10-01-2018,329
10-01-2018 02:00,10-01-2018,393
10-01-2018 03:00,10-01-2018,401
10-01-2018 04:00,10-01-2018,414
10-01-2018 05:00,10-01-2018,374
10-01-2018 06:00,10-01-2018,332
10-01-2018 07:00,10-01-2018,342
10-01-2018 08:00,10-01-2018,305
10-01-2018 09:00,10-01-2018,298
10-01-2018 10:00,10-01-2018,309
10-01-2018 11:00,10-01-2018,311
10-01-2018 12:00,10-01-2018,312
10-01-2018 13:00,10-01-2018,237
10-01-2018 14:00,10-01-2018,126
10-01-2018 15:00,10-01-2018,134
10-01-2018 16:00,10-01-2018,103
10-01-2018 17:00,10-01-2018,103
10-01-2018 18:00,10-01-2018,134
10-01-2018 19:00,10-01-2018,211
10-01-2018 20:00,10-01-2018,347
10-01-2018 21:00,10-01-2018,390
10-01-2018 22:00,10-01-2018,386
10-01-2018 23:00,10-01-2018,375
11-01-2018 00:00,11-01-2018,363
11-01-2018 01:00,11-01-2018,368
11-01-2018 02:00,11-01-2018,360
11-01-2018 03:00,11-01-2018,340
11-01-2018 04:00,11-01-2018,326
11-01-2018 05:00,11-01-2018,314
11-01-2018 06:00,11-01-2018,279
11-01-2018 07:00,11-01-2018,337
11-01-2018 08:00,11-01-2018,315
11-01-2018 09:00,11-01-2018,241
11-01-2018 10:00,11-01-2018,309
11-01-2018 11:00,11-01-2018,308
11-01-2018 12:00,11-01-2018,278
11-01-2018 13:00,11-01-2018,145
11-01-2018 14:00,11-01-2018,94
11-01-2018 15:00,11-01-2018,117
11-01-2018 16:00,11-01-2018,122
11-01-2018 17:00,11-01-2018,80
11-01-2018 18:00,11-01-2018,73
11-01-2018 19:00,11-01-2018,161
11-01-2018 20:00,11-01-2018,244
11-01-2018 21:00,11-01-2018,260
11-01-2018 22:00,11-01-2018,286
11-01-2018 23:00,11-01-2018,340
12-01-2018 00:00,12-01-2018,347
12-01-2018 01:00,12-01-2018,343
12-01-2018 02:00,12-01-2018,334
12-01-2018 03:00,12-01-2018,340
12-01-2018 04:00,12-01-2018,328
12-01-2018 05:00,12-01-2018,242
12-01-2018 06:00,12-01-2018,256
12-01-2018 07:00,12-01-2018,322
12-01-2018 08:00,12-01-2018,254
12-01-2018 09:00,12-01-2018,223
12-01-2018 10:00,12-01-2018,256
12-01-2018 11:00,12-01-2018,236
12-01-2018 12:00,12-01-2018,280
12-01-2018 13:00,12-01-2018,240
12-01-2018 14:00,12-01-2018,230
12-01-2018 15:00,12-01-2018,139
12-01-2018 16:00,12-01-2018,164
12-01-2018 17:00,12-01-2018,67
12-01-2018 18:00,12-01-2018,151
12-01-2018 19:00,12-01-2018,207
12-01-2018 20:00,12-01-2018,215
12-01-2018 21:00,12-01-2018,317
12-01-2018 22:00,12-01-2018,402
12-01-2018 23:00,12-01-2018,399
13-01-2018 00:00,13-01-2018,384
13-01-2018 01:00,13-01-2018,390
13-01-2018 02:00,13-01-2018,425
13-01-2018 03:00,13-01-2018,392
13-01-2018 04:00,13-01-2018,353
13-01-2018 05:00,13-01-2018,352
13-01-2018 06:00,13-01-2018,355
13-01-2018 07:00,13-01-2018,395
13-01-2018 08:00,13-01-2018,400
13-01-2018 09:00,13-01-2018,381
13-01-2018 10:00,13-01-2018,335
13-01-2018 11:00,13-01-2018,350
13-01-2018 12:00,13-01-2018,318
13-01-2018 13:00,13-01-2018,189
13-01-2018 14:00,13-01-2018,175
13-01-2018 15:00,13-01-2018,124
13-01-2018 16:00,13-01-2018,272
13-01-2018 17:00,13-01-2018,140
13-01-2018 18:00,13-01-2018,97
13-01-2018 19:00,13-01-2018,145
13-01-2018 20:00,13-01-2018,194
13-01-2018 21:00,13-01-2018,316
13-01-2018 22:00,13-01-2018,365
13-01-2018 23:00,13-01-2018,413
14-01-2018 00:00,14-01-2018,405
14-01-2018 01:00,14-01-2018,399
14-01-2018 02:00,14-01-2018,452
14-01-2018 03:00,14-01-2018,433
14-01-2018 04:00,14-01-2018,410
14-01-2018 05:00,14-01-2018,325
14-01-2018 06:00,14-01-2018,166
14-01-2018 07:00,14-01-2018,293
14-01-2018 08:00,14-01-2018,245
14-01-2018 09:00,14-01-2018,261
14-01-2018 10:00,14-01-2018,315
14-01-2018 11:00,14-01-2018,304
14-01-2018 12:00,14-01-2018,188
14-01-2018 13:00,14-01-2018,162
14-01-2018 14:00,14-01-2018,106
14-01-2018 15:00,14-01-2018,104
14-01-2018 16:00,14-01-2018,86
14-01-2018 17:00,14-01-2018,75
14-01-2018 18:00,14-01-2018,87
14-01-2018 19:00,14-01-2018,163
14-01-2018 20:00,14-01-2018,202
14-01-2018 21:00,14-01-2018,303
14-01-2018 22:00,14-01-2018,335
14-01-2018 23:00,14-01-2018,394
15-01-2018 00:00,15-01-2018,401
15-01-2018 01:00,15-01-2018,405
15-01-2018 02:00,15-01-2018,390
15-01-2018 03:00,15-01-2018,347
15-01-2018 04:00,15-01-2018,373
15-01-2018 05:00,15-01-2018,430
15-01-2018 06:00,15-01-2018,359
15-01-2018 07:00,15-01-2018,295
15-01-2018 08:00,15-01-2018,317
15-01-2018 09:00,15-01-2018,330
15-01-2018 10:00,15-01-2018,331
15-01-2018 11:00,15-01-2018,317
15-01-2018 12:00,15-01-2018,159
15-01-2018 13:00,15-01-2018,82
15-01-2018 14:00,15-01-2018,14
15-01-2018 15:00,15-01-2018,30
15-01-2018 16:00,15-01-2018,54
15-01-2018 17:00,15-01-2018,57
15-01-2018 18:00,15-01-2018,230
15-01-2018 19:00,15-01-2018,305
15-01-2018 20:00,15-01-2018,311
15-01-2018 21:00,15-01-2018,266
15-01-2018 22:00,15-01-2018,262
15-01-2018 23:00,15-01-2018,319
16-01-2018 00:00,16-01-2018,352
16-01-2018 01:00,16-01-2018,293
16-01-2018 02:00,16-01-2018,195
16-01-2018 03:00,16-01-2018,226
16-01-2018 04:00,16-01-2018,143
16-01-2018 05:00,16-01-2018,180
16-01-2018 06:00,16-01-2018,259
16-01-2018 07:00,16-01-2018,264
16-01-2018 08:00,16-01-2018,114
16-01-2018 09:00,16-01-2018,94
16-01-2018 10:00,16-01-2018,134
16-01-2018 11:00,16-01-2018,224
16-01-2018 12:00,16-01-2018,265
16-01-2018 13:00,16-01-2018,165
16-01-2018 14:00,16-01-2018,90
16-01-2018 15:00,16-01-2018,101
16-01-2018 16:00,16-01-2018,104
16-01-2018 17:00,16-01-2018,85
16-01-2018 18:00,16-01-2018,98
16-01-2018 19:00,16-01-2018,136
16-01-2018 20:00,16-01-2018,263
16-01-2018 21:00,16-01-2018,307
16-01-2018 22:00,16-01-2018,325
16-01-2018 23:00,16-01-2018,411
17-01-2018 00:00,17-01-2018,389
17-01-2018 01:00,17-01-2018,374
17-01-2018 02:00,17-01-2018,317
17-01-2018 03:00,17-01-2018,367
17-01-2018 04:00,17-01-2018,363
17-01-2018 05:00,17-01-2018,335
17-01-2018 06:00,17-01-2018,393
17-01-2018 07:00,17-01-2018,384
17-01-2018 08:00,17-01-2018,365
17-01-2018 09:00,17-01-2018,349
17-01-2018 10:00,17-01-2018,357
17-01-2018 11:00,17-01-2018,346
17-01-2018 12:00,17-01-2018,368
17-01-2018 13:00,17-01-2018,334
17-01-2018 14:00,17-01-2018,311
17-01-2018 15:00,17-01-2018,310
17-01-2018 16:00,17-01-2018,288
17-01-2018 17:00,17-01-2018,189
17-01-2018 18:00,17-01-2018,308
17-01-2018 19:00,17-01-2018,330
17-01-2018 20:00,17-01-2018,369
17-01-2018 21:00,17-01-2018,378
17-01-2018 22:00,17-01-2018,383
17-01-2018 23:00,17-01-2018,375
18-01-2018 00:00,18-01-2018,389
18-01-2018 01:00,18-01-2018,398
18-01-2018 02:00,18-01-2018,423
18-01-2018 03:00,18-01-2018,419
18-01-2018 04:00,18-01-2018,400
18-01-2018 05:00,18-01-2018,398
18-01-2018 06:00,18-01-2018,380
18-01-2018 07:00,18-01-2018,398
18-01-2018 08:00,18-01-2018,386
18-01-2018 09:00,18-01-2018,368
18-01-2018 10:00,18-01-2018,413
18-01-2018 11:00,18-01-2018,388
18-01-2018 12:00,18-01-2018,313
18-01-2018 13:00,18-01-2018,180
18-01-2018 14:00,18-01-2018,220
18-01-2018 15:00,18-01-2018,198
18-01-2018 16:00,18-01-2018,262
18-01-2018 17:00,18-01-2018,238
18-01-2018 18:00,18-01-2018,317
18-01-2018 19:00,18-01-2018,326
18-01-2018 20:00,18-01-2018,334
18-01-2018 21:00,18-01-2018,382
18-01-2018 22:00,18-01-2018,410
18-01-2018 23:00,18-01-2018,486
19-01-2018 00:00,19-01-2018,478
19-01-2018 01:00,19-01-2018,443
19-01-2018 02:00,19-01-2018,440
19-01-2018 03:00,19-01-2018,412
19-01-2018 04:00,19-01-2018,433
19-01-2018 05:00,19-01-2018,402
19-01-2018 06:00,19-01-2018,409
19-01-2018 07:00,19-01-2018,471
19-01-2018 08:00,19-01-2018,446
19-01-2018 09:00,19-01-2018,413
19-01-2018 10:00,19-01-2018,362
19-01-2018 11:00,19-01-2018,365
19-01-2018 12:00,19-01-2018,351
19-01-2018 13:00,19-01-2018,330
19-01-2018 14:00,19-01-2018,310
19-01-2018 15:00,19-01-2018,321
19-01-2018 16:00,19-01-2018,321
19-01-2018 17:00,19-01-2018,286
19-01-2018 18:00,19-01-2018,267
19-01-2018 19:00,19-01-2018,246
19-01-2018 20:00,19-01-2018,361
19-01-2018 21:00,19-01-2018,418
19-01-2018 22:00,19-01-2018,455
19-01-2018 23:00,19-01-2018,435
20-01-2018 00:00,20-01-2018,415
20-01-2018 01:00,20-01-2018,356
20-01-2018 02:00,20-01-2018,367
20-01-2018 03:00,20-01-2018,416
20-01-2018 04:00,20-01-2018,410
20-01-2018 05:00,20-01-2018,355
20-01-2018 06:00,20-01-2018,382
20-01-2018 07:00,20-01-2018,390
20-01-2018 08:00,20-01-2018,345
20-01-2018 09:00,20-01-2018,327
20-01-2018 10:00,20-01-2018,325
20-01-2018 11:00,20-01-2018,306
20-01-2018 12:00,20-01-2018,150
20-01-2018 13:00,20-01-2018,83
20-01-2018 14:00,20-01-2018,52
20-01-2018 15:00,20-01-2018,59
20-01-2018 16:00,20-01-2018,70
20-01-2018 17:00,20-01-2018,69
20-01-2018 18:00,20-01-2018,83
20-01-2018 19:00,20-01-2018,126
20-01-2018 20:00,20-01-2018,175
20-01-2018 21:00,20-01-2018,311
20-01-2018 22:00,20-01-2018,338
20-01-2018 23:00,20-01-2018,339
21-01-2018 00:00,21-01-2018,352
21-01-2018 01:00,21-01-2018,331
21-01-2018 02:00,21-01-2018,375
21-01-2018 03:00,21-01-2018,351
21-01-2018 04:00,21-01-2018,330
21-01-2018 05:00,21-01-2018,328
21-01-2018 06:00,21-01-2018,327
21-01-2018 07:00,21-01-2018,339
21-01-2018 08:00,21-01-2018,332
21-01-2018 09:00,21-01-2018,322
21-01-2018 10:00,21-01-2018,329
21-01-2018 11:00,21-01-2018,329
21-01-2018 12:00,21-01-2018,241
21-01-2018 13:00,21-01-2018,126
21-01-2018 14:00,21-01-2018,82
21-01-2018 15:00,21-01-2018,62
21-01-2018 16:00,21-01-2018,78
21-01-2018 17:00,21-01-2018,56
21-01-2018 18:00,21-01-2018,61
21-01-2018 19:00,21-01-2018,85
21-01-2018 20:00,21-01-2018,143
21-01-2018 21:00,21-01-2018,267
21-01-2018 22:00,21-01-2018,309
21-01-2018 23:00,21-01-2018,353
22-01-2018 00:00,22-01-2018,362
22-01-2018 01:00,22-01-2018,336
22-01-2018 02:00,22-01-2018,328
22-01-2018 03:00,22-01-2018,340
22-01-2018 04:00,22-01-2018,317
22-01-2018 05:00,22-01-2018,291
22-01-2018 06:00,22-01-2018,342
22-01-2018 07:00,22-01-2018,414
22-01-2018 08:00,22-01-2018,397
22-01-2018 09:00,22-01-2018,418
22-01-2018 10:00,22-01-2018,351
22-01-2018 11:00,22-01-2018,147
22-01-2018 12:00,22-01-2018,209
22-01-2018 13:00,22-01-2018,182
22-01-2018 14:00,22-01-2018,216
22-01-2018 15:00,22-01-2018,131
22-01-2018 16:00,22-01-2018,242
22-01-2018 17:00,22-01-2018,295
22-01-2018 18:00,22-01-2018,311
22-01-2018 19:00,22-01-2018,311
22-01-2018 20:00,22-01-2018,350
22-01-2018 21:00,22-01-2018,342
22-01-2018 22:00,22-01-2018,347
22-01-2018 23:00,22-01-2018,339
23-01-2018 00:00,23-01-2018,325
23-01-2018 01:00,23-01-2018,313
23-01-2018 02:00,23-01-2018,315
23-01-2018 03:00,23-01-2018,318
23-01-2018 04:00,23-01-2018,325
23-01-2018 05:00,23-01-2018,332
23-01-2018 06:00,23-01-2018,323
23-01-2018 07:00,23-01-2018,316
23-01-2018 08:00,23-01-2018,306
23-01-2018 09:00,23-01-2018,315
23-01-2018 10:00,23-01-2018,321
23-01-2018 11:00,23-01-2018,305
23-01-2018 12:00,23-01-2018,300
23-01-2018 13:00,23-01-2018,175.375
23-01-2018 14:00,23-01-2018,177
23-01-2018 15:00,23-01-2018,132.1875
23-01-2018 16:00,23-01-2018,189.4375
23-01-2018 17:00,23-01-2018,198.5625
23-01-2018 18:00,23-01-2018,211.875
23-01-2018 19:00,23-01-2018,227.875
23-01-2018 20:00,23-01-2018,274.4375
23-01-2018 21:00,23-01-2018,321.5625
23-01-2018 22:00,23-01-2018,341.5625
23-01-2018 23:00,23-01-2018,352.5
24-01-2018 00:00,24-01-2018,347.625
24-01-2018 01:00,24-01-2018,330.3125
24-01-2018 02:00,24-01-2018,336.3125
24-01-2018 03:00,24-01-2018,339.25
24-01-2018 04:00,24-01-2018,329
24-01-2018 05:00,24-01-2018,312.75
24-01-2018 06:00,24-01-2018,320.9375
24-01-2018 07:00,24-01-2018,340.25
24-01-2018 08:00,24-01-2018,321.5625
24-01-2018 09:00,24-01-2018,327.5
24-01-2018 10:00,24-01-2018,315.375
24-01-2018 11:00,24-01-2018,251.7777778
24-01-2018 12:00,24-01-2018,270.2777778
24-01-2018 13:00,24-01-2018,208.9
24-01-2018 14:00,24-01-2018,211.4
24-01-2018 15:00,24-01-2018,169
24-01-2018 16:00,24-01-2018,203.4
24-01-2018 17:00,24-01-2018,178.8
24-01-2018 18:00,24-01-2018,198.1
24-01-2018 19:00,24-01-2018,237.3
24-01-2018 20:00,24-01-2018,277.8
24-01-2018 21:00,24-01-2018,314.3
24-01-2018 22:00,24-01-2018,335.3
24-01-2018 23:00,24-01-2018,361.3
25-01-2018 00:00,25-01-2018,357.1
25-01-2018 01:00,25-01-2018,347.9
25-01-2018 02:00,25-01-2018,353.6
25-01-2018 03:00,25-01-2018,347.2
25-01-2018 04:00,25-01-2018,326.2
25-01-2018 05:00,25-01-2018,296.3
25-01-2018 06:00,25-01-2018,297
25-01-2018 07:00,25-01-2018,320.9
25-01-2018 08:00,25-01-2018,277.2
25-01-2018 09:00,25-01-2018,267.1
25-01-2018 10:00,25-01-2018,258
25-01-2018 11:00,25-01-2018,216.8571429
25-01-2018 12:00,25-01-2018,291.1428571
25-01-2018 13:00,25-01-2018,276.1
25-01-2018 14:00,25-01-2018,273.1
25-01-2018 15:00,25-01-2018,242.4
25-01-2018 16:00,25-01-2018,239.3
25-01-2018 17:00,25-01-2018,157
25-01-2018 18:00,25-01-2018,181.5
25-01-2018 19:00,25-01-2018,244.7
25-01-2018 20:00,25-01-2018,282.8
25-01-2018 21:00,25-01-2018,312.2
25-01-2018 22:00,25-01-2018,333.9
25-01-2018 23:00,25-01-2018,381.1
26-01-2018 00:00,26-01-2018,374
26-01-2018 01:00,26-01-2018,372
26-01-2018 02:00,26-01-2018,383.1111111
26-01-2018 03:00,26-01-2018,368.2222222
26-01-2018 04:00,26-01-2018,332.1
26-01-2018 05:00,26-01-2018,275
26-01-2018 06:00,26-01-2018,269.3
26-01-2018 07:00,26-01-2018,298.7
26-01-2018 08:00,26-01-2018,221.1
26-01-2018 09:00,26-01-2018,186.1
26-01-2018 10:00,26-01-2018,167
26-01-2018 11:00,26-01-2018,179.7222222
26-01-2018 12:00,26-01-2018,296.4444444
26-01-2018 13:00,26-01-2018,299.8125
26-01-2018 14:00,26-01-2018,293.25
26-01-2018 15:00,26-01-2018,274.3125
26-01-2018 16:00,26-01-2018,247.4375
26-01-2018 17:00,26-01-2018,137.125
26-01-2018 18:00,26-01-2018,165.0625
26-01-2018 19:00,26-01-2018,242.875
26-01-2018 20:00,26-01-2018,281.5
26-01-2018 21:00,26-01-2018,304.625
26-01-2018 22:00,26-01-2018,320.875
26-01-2018 23:00,26-01-2018,378.25
27-01-2018 00:00,27-01-2018,373.0625
27-01-2018 01:00,27-01-2018,378.25
27-01-2018 02:00,27-01-2018,398.4285714
27-01-2018 03:00,27-01-2018,380.4285714
27-01-2018 04:00,27-01-2018,335.3125
27-01-2018 05:00,27-01-2018,264.125
27-01-2018 06:00,27-01-2018,254.625
27-01-2018 07:00,27-01-2018,283.875
27-01-2018 08:00,27-01-2018,189.0625
27-01-2018 09:00,27-01-2018,140.6875
27-01-2018 10:00,27-01-2018,123.3125
27-01-2018 11:00,27-01-2018,186
27-01-2018 12:00,27-01-2018,344
27-01-2018 13:00,27-01-2018,350
27-01-2018 14:00,27-01-2018,362
27-01-2018 15:00,27-01-2018,380
27-01-2018 16:00,27-01-2018,322
27-01-2018 17:00,27-01-2018,169
27-01-2018 18:00,27-01-2018,225
27-01-2018 19:00,27-01-2018,320
27-01-2018 20:00,27-01-2018,308
27-01-2018 21:00,27-01-2018,301
27-01-2018 22:00,27-01-2018,322
27-01-2018 23:00,27-01-2018,403
28-01-2018 00:00,28-01-2018,395
28-01-2018 01:00,28-01-2018,419
28-01-2018 02:00,28-01-2018,432
28-01-2018 03:00,28-01-2018,406
28-01-2018 04:00,28-01-2018,326
28-01-2018 05:00,28-01-2018,173
28-01-2018 06:00,28-01-2018,147
28-01-2018 07:00,28-01-2018,192
28-01-2018 08:00,28-01-2018,100
28-01-2018 09:00,28-01-2018,77
28-01-2018 10:00,28-01-2018,91
28-01-2018 11:00,28-01-2018,168
28-01-2018 12:00,28-01-2018,309
28-01-2018 13:00,28-01-2018,326
28-01-2018 14:00,28-01-2018,310
28-01-2018 15:00,28-01-2018,223
28-01-2018 16:00,28-01-2018,196
28-01-2018 17:00,28-01-2018,89
28-01-2018 18:00,28-01-2018,82
28-01-2018 19:00,28-01-2018,193
28-01-2018 20:00,28-01-2018,301
28-01-2018 21:00,28-01-2018,328
28-01-2018 22:00,28-01-2018,365
28-01-2018 23:00,28-01-2018,406
29-01-2018 00:00,29-01-2018,405
29-01-2018 01:00,29-01-2018,386
29-01-2018 02:00,29-01-2018,381
29-01-2018 03:00,29-01-2018,357
29-01-2018 04:00,29-01-2018,346
29-01-2018 05:00,29-01-2018,379
29-01-2018 06:00,29-01-2018,373
29-01-2018 07:00,29-01-2018,394
29-01-2018 08:00,29-01-2018,222
29-01-2018 09:00,29-01-2018,99
29-01-2018 10:00,29-01-2018,83
29-01-2018 11:00,29-01-2018,113
29-01-2018 12:00,29-01-2018,223
29-01-2018 13:00,29-01-2018,219
29-01-2018 14:00,29-01-2018,149
29-01-2018 15:00,29-01-2018,134
29-01-2018 16:00,29-01-2018,151
29-01-2018 17:00,29-01-2018,70
29-01-2018 18:00,29-01-2018,68
29-01-2018 19:00,29-01-2018,74
29-01-2018 20:00,29-01-2018,151
29-01-2018 21:00,29-01-2018,311
29-01-2018 22:00,29-01-2018,318
29-01-2018 23:00,29-01-2018,356
30-01-2018 00:00,30-01-2018,338
30-01-2018 01:00,30-01-2018,310
30-01-2018 02:00,30-01-2018,326.6666667
30-01-2018 03:00,30-01-2018,295.7037037
30-01-2018 04:00,30-01-2018,358
30-01-2018 05:00,30-01-2018,345
30-01-2018 06:00,30-01-2018,371
30-01-2018 07:00,30-01-2018,385
30-01-2018 08:00,30-01-2018,358
30-01-2018 09:00,30-01-2018,307
30-01-2018 10:00,30-01-2018,147
30-01-2018 11:00,30-01-2018,92
30-01-2018 12:00,30-01-2018,93
30-01-2018 13:00,30-01-2018,73
30-01-2018 14:00,30-01-2018,42
30-01-2018 15:00,30-01-2018,58
30-01-2018 16:00,30-01-2018,55
30-01-2018 17:00,30-01-2018,51
30-01-2018 18:00,30-01-2018,66
30-01-2018 19:00,30-01-2018,95
30-01-2018 20:00,30-01-2018,184
30-01-2018 21:00,30-01-2018,190
30-01-2018 22:00,30-01-2018,115
30-01-2018 23:00,30-01-2018,153
31-01-2018 00:00,31-01-2018,188
31-01-2018 01:00,31-01-2018,223
31-01-2018 02:00,31-01-2018,283
31-01-2018 03:00,31-01-2018,332
31-01-2018 04:00,31-01-2018,332
31-01-2018 05:00,31-01-2018,304
31-01-2018 06:00,31-01-2018,341
31-01-2018 07:00,31-01-2018,344
31-01-2018 08:00,31-01-2018,315
31-01-2018 09:00,31-01-2018,310
31-01-2018 10:00,31-01-2018,298
31-01-2018 11:00,31-01-2018,290
31-01-2018 12:00,31-01-2018,154
31-01-2018 13:00,31-01-2018,95
31-01-2018 14:00,31-01-2018,86
31-01-2018 15:00,31-01-2018,81
31-01-2018 16:00,31-01-2018,102
31-01-2018 17:00,31-01-2018,88
31-01-2018 18:00,31-01-2018,102
31-01-2018 19:00,31-01-2018,162
31-01-2018 20:00,31-01-2018,279
31-01-2018 21:00,31-01-2018,315
31-01-2018 22:00,31-01-2018,367
31-01-2018 23:00,31-01-2018,372
01-02-2018 00:00,01-02-2018,385
01-02-2018 01:00,01-02-2018,316
01-02-2018 02:00,01-02-2018,266
01-02-2018 03:00,01-02-2018,89
01-02-2018 04:00,01-02-2018,185
01-02-2018 05:00,01-02-2018,93
01-02-2018 06:00,01-02-2018,153
01-02-2018 07:00,01-02-2018,304
01-02-2018 08:00,01-02-2018,210
01-02-2018 09:00,01-02-2018,233
01-02-2018 10:00,01-02-2018,341
01-02-2018 11:00,01-02-2018,328
01-02-2018 12:00,01-02-2018,245
01-02-2018 13:00,01-02-2018,130
01-02-2018 14:00,01-02-2018,69
01-02-2018 15:00,01-02-2018,67
01-02-2018 16:00,01-02-2018,59
01-02-2018 17:00,01-02-2018,83
01-02-2018 18:00,01-02-2018,80
01-02-2018 19:00,01-02-2018,114
01-02-2018 20:00,01-02-2018,135
01-02-2018 21:00,01-02-2018,199
01-02-2018 22:00,01-02-2018,326
01-02-2018 23:00,01-02-2018,383
02-02-2018 00:00,02-02-2018,363
02-02-2018 01:00,02-02-2018,292
02-02-2018 02:00,02-02-2018,234
02-02-2018 03:00,02-02-2018,182
02-02-2018 04:00,02-02-2018,318
02-02-2018 05:00,02-02-2018,320
02-02-2018 06:00,02-02-2018,328
02-02-2018 07:00,02-02-2018,355
02-02-2018 08:00,02-02-2018,374
02-02-2018 09:00,02-02-2018,368
02-02-2018 10:00,02-02-2018,383
02-02-2018 11:00,02-02-2018,264
02-02-2018 12:00,02-02-2018,16
02-02-2018 13:00,02-02-2018,20
02-02-2018 14:00,02-02-2018,8
02-02-2018 15:00,02-02-2018,5
02-02-2018 16:00,02-02-2018,46
02-02-2018 17:00,02-02-2018,49
02-02-2018 18:00,02-02-2018,71
02-02-2018 19:00,02-02-2018,77
02-02-2018 20:00,02-02-2018,98
02-02-2018 21:00,02-02-2018,189
02-02-2018 22:00,02-02-2018,314
02-02-2018 23:00,02-02-2018,307
03-02-2018 00:00,03-02-2018,284
03-02-2018 01:00,03-02-2018,171
03-02-2018 02:00,03-02-2018,248
03-02-2018 03:00,03-02-2018,128
03-02-2018 04:00,03-02-2018,149
03-02-2018 05:00,03-02-2018,175
03-02-2018 06:00,03-02-2018,190
03-02-2018 07:00,03-02-2018,312
03-02-2018 08:00,03-02-2018,323
03-02-2018 09:00,03-02-2018,327
03-02-2018 10:00,03-02-2018,350
03-02-2018 11:00,03-02-2018,326
03-02-2018 12:00,03-02-2018,233
03-02-2018 13:00,03-02-2018,27
03-02-2018 14:00,03-02-2018,20
03-02-2018 15:00,03-02-2018,22
03-02-2018 16:00,03-02-2018,53
03-02-2018 17:00,03-02-2018,52
03-02-2018 18:00,03-02-2018,40
03-02-2018 19:00,03-02-2018,43
03-02-2018 20:00,03-02-2018,61
03-02-2018 21:00,03-02-2018,179
03-02-2018 22:00,03-02-2018,218
03-02-2018 23:00,03-02-2018,318
04-02-2018 00:00,04-02-2018,329
04-02-2018 01:00,04-02-2018,301
04-02-2018 02:00,04-02-2018,198
04-02-2018 03:00,04-02-2018,279
04-02-2018 04:00,04-02-2018,271
04-02-2018 05:00,04-02-2018,302
04-02-2018 06:00,04-02-2018,308
04-02-2018 07:00,04-02-2018,384
04-02-2018 08:00,04-02-2018,346
04-02-2018 09:00,04-02-2018,303
04-02-2018 10:00,04-02-2018,340
04-02-2018 11:00,04-02-2018,323
04-02-2018 12:00,04-02-2018,145
04-02-2018 13:00,04-02-2018,4
04-02-2018 14:00,04-02-2018,13
04-02-2018 15:00,04-02-2018,36
04-02-2018 16:00,04-02-2018,49
04-02-2018 17:00,04-02-2018,33
04-02-2018 18:00,04-02-2018,36
04-02-2018 19:00,04-02-2018,59
04-02-2018 20:00,04-02-2018,100
04-02-2018 21:00,04-02-2018,233
04-02-2018 22:00,04-02-2018,327
04-02-2018 23:00,04-02-2018,321
05-02-2018 00:00,05-02-2018,312
05-02-2018 01:00,05-02-2018,214
05-02-2018 02:00,05-02-2018,320
05-02-2018 03:00,05-02-2018,330
05-02-2018 04:00,05-02-2018,337
05-02-2018 05:00,05-02-2018,312
05-02-2018 06:00,05-02-2018,315
05-02-2018 07:00,05-02-2018,366
05-02-2018 08:00,05-02-2018,337
05-02-2018 09:00,05-02-2018,341
05-02-2018 10:00,05-02-2018,317
05-02-2018 11:00,05-02-2018,304
05-02-2018 12:00,05-02-2018,219
05-02-2018 13:00,05-02-2018,90
05-02-2018 14:00,05-02-2018,52
05-02-2018 15:00,05-02-2018,24
05-02-2018 16:00,05-02-2018,49
05-02-2018 17:00,05-02-2018,7
05-02-2018 18:00,05-02-2018,37
05-02-2018 19:00,05-02-2018,60
05-02-2018 20:00,05-02-2018,141
05-02-2018 21:00,05-02-2018,316
05-02-2018 22:00,05-02-2018,322
05-02-2018 23:00,05-02-2018,347
06-02-2018 00:00,06-02-2018,324
06-02-2018 01:00,06-02-2018,324
06-02-2018 02:00,06-02-2018,326
06-02-2018 03:00,06-02-2018,334
06-02-2018 04:00,06-02-2018,332
06-02-2018 05:00,06-02-2018,343
06-02-2018 06:00,06-02-2018,201
06-02-2018 07:00,06-02-2018,345
06-02-2018 08:00,06-02-2018,327
06-02-2018 09:00,06-02-2018,302
06-02-2018 10:00,06-02-2018,305
06-02-2018 11:00,06-02-2018,171
06-02-2018 12:00,06-02-2018,80
06-02-2018 13:00,06-02-2018,114
06-02-2018 14:00,06-02-2018,78
06-02-2018 15:00,06-02-2018,53
06-02-2018 16:00,06-02-2018,36
06-02-2018 17:00,06-02-2018,30
06-02-2018 18:00,06-02-2018,67
06-02-2018 19:00,06-02-2018,94
06-02-2018 20:00,06-02-2018,125
06-02-2018 21:00,06-02-2018,97
06-02-2018 22:00,06-02-2018,152
06-02-2018 23:00,06-02-2018,171
07-02-2018 00:00,07-02-2018,311
07-02-2018 01:00,07-02-2018,363
07-02-2018 02:00,07-02-2018,359
07-02-2018 03:00,07-02-2018,324
07-02-2018 04:00,07-02-2018,272
07-02-2018 05:00,07-02-2018,189
07-02-2018 06:00,07-02-2018,241
07-02-2018 07:00,07-02-2018,332
07-02-2018 08:00,07-02-2018,316
07-02-2018 09:00,07-02-2018,271
07-02-2018 10:00,07-02-2018,258
07-02-2018 11:00,07-02-2018,248
07-02-2018 12:00,07-02-2018,142
07-02-2018 13:00,07-02-2018,82
07-02-2018 14:00,07-02-2018,68
07-02-2018 15:00,07-02-2018,47
07-02-2018 16:00,07-02-2018,76
07-02-2018 17:00,07-02-2018,57
07-02-2018 18:00,07-02-2018,59
07-02-2018 19:00,07-02-2018,87
07-02-2018 20:00,07-02-2018,84
07-02-2018 21:00,07-02-2018,147
07-02-2018 22:00,07-02-2018,232
07-02-2018 23:00,07-02-2018,335
08-02-2018 00:00,08-02-2018,341
08-02-2018 01:00,08-02-2018,351
08-02-2018 02:00,08-02-2018,353
08-02-2018 03:00,08-02-2018,357
08-02-2018 04:00,08-02-2018,354
08-02-2018 05:00,08-02-2018,330
08-02-2018 06:00,08-02-2018,365
08-02-2018 07:00,08-02-2018,401
08-02-2018 08:00,08-02-2018,351
08-02-2018 09:00,08-02-2018,353
08-02-2018 10:00,08-02-2018,359
08-02-2018 11:00,08-02-2018,346
08-02-2018 12:00,08-02-2018,267
08-02-2018 13:00,08-02-2018,117
08-02-2018 14:00,08-02-2018,70
08-02-2018 15:00,08-02-2018,47
08-02-2018 16:00,08-02-2018,47
08-02-2018 17:00,08-02-2018,38
08-02-2018 18:00,08-02-2018,77
08-02-2018 19:00,08-02-2018,143
08-02-2018 20:00,08-02-2018,171
08-02-2018 21:00,08-02-2018,225
08-02-2018 22:00,08-02-2018,312
08-02-2018 23:00,08-02-2018,331
09-02-2018 00:00,09-02-2018,326
09-02-2018 01:00,09-02-2018,330
09-02-2018 02:00,09-02-2018,337
09-02-2018 03:00,09-02-2018,333
09-02-2018 04:00,09-02-2018,366
09-02-2018 05:00,09-02-2018,372
09-02-2018 06:00,09-02-2018,396
09-02-2018 07:00,09-02-2018,360
09-02-2018 08:00,09-02-2018,364
09-02-2018 09:00,09-02-2018,338
09-02-2018 10:00,09-02-2018,344
09-02-2018 11:00,09-02-2018,346
09-02-2018 12:00,09-02-2018,318
09-02-2018 13:00,09-02-2018,56
09-02-2018 14:00,09-02-2018,95
09-02-2018 15:00,09-02-2018,77
09-02-2018 16:00,09-02-2018,66
09-02-2018 17:00,09-02-2018,66
09-02-2018 18:00,09-02-2018,70
09-02-2018 19:00,09-02-2018,105
09-02-2018 20:00,09-02-2018,180
09-02-2018 21:00,09-02-2018,295
09-02-2018 22:00,09-02-2018,350
09-02-2018 23:00,09-02-2018,360
10-02-2018 00:00,10-02-2018,321
10-02-2018 01:00,10-02-2018,307
10-02-2018 02:00,10-02-2018,310
10-02-2018 03:00,10-02-2018,316
10-02-2018 04:00,10-02-2018,337
10-02-2018 05:00,10-02-2018,361
10-02-2018 06:00,10-02-2018,384
10-02-2018 07:00,10-02-2018,405
10-02-2018 08:00,10-02-2018,390
10-02-2018 09:00,10-02-2018,368
10-02-2018 10:00,10-02-2018,354
10-02-2018 11:00,10-02-2018,306
10-02-2018 12:00,10-02-2018,210
10-02-2018 13:00,10-02-2018,117
10-02-2018 14:00,10-02-2018,153
10-02-2018 15:00,10-02-2018,150
10-02-2018 16:00,10-02-2018,135
10-02-2018 17:00,10-02-2018,237
10-02-2018 18:00,10-02-2018,105
10-02-2018 19:00,10-02-2018,97.56666667
10-02-2018 20:00,10-02-2018,144.3636364
10-02-2018 21:00,10-02-2018,310
10-02-2018 22:00,10-02-2018,321
10-02-2018 23:00,10-02-2018,313
11-02-2018 00:00,11-02-2018,277
11-02-2018 01:00,11-02-2018,289
11-02-2018 02:00,11-02-2018,303
11-02-2018 03:00,11-02-2018,311
11-02-2018 04:00,11-02-2018,336
11-02-2018 05:00,11-02-2018,307
11-02-2018 06:00,11-02-2018,213
11-02-2018 07:00,11-02-2018,200
11-02-2018 08:00,11-02-2018,302
11-02-2018 09:00,11-02-2018,298
11-02-2018 10:00,11-02-2018,163
11-02-2018 11:00,11-02-2018,89
11-02-2018 12:00,11-02-2018,132
11-02-2018 13:00,11-02-2018,95
11-02-2018 14:00,11-02-2018,119
11-02-2018 15:00,11-02-2018,94
11-02-2018 16:00,11-02-2018,74
11-02-2018 17:00,11-02-2018,47
11-02-2018 18:00,11-02-2018,56
11-02-2018 19:00,11-02-2018,76
11-02-2018 20:00,11-02-2018,125.0454545
11-02-2018 21:00,11-02-2018,188.1333333
11-02-2018 22:00,11-02-2018,206.2333333
11-02-2018 23:00,11-02-2018,208.9666667
12-02-2018 00:00,12-02-2018,200.3333333
12-02-2018 01:00,12-02-2018,205.1
12-02-2018 02:00,12-02-2018,206.9666667
12-02-2018 03:00,12-02-2018,67
12-02-2018 04:00,12-02-2018,51
12-02-2018 05:00,12-02-2018,50
12-02-2018 06:00,12-02-2018,105
12-02-2018 07:00,12-02-2018,137
12-02-2018 08:00,12-02-2018,113
12-02-2018 09:00,12-02-2018,88
12-02-2018 10:00,12-02-2018,87
12-02-2018 11:00,12-02-2018,80
12-02-2018 12:00,12-02-2018,90
12-02-2018 13:00,12-02-2018,148
12-02-2018 14:00,12-02-2018,125
12-02-2018 15:00,12-02-2018,114
12-02-2018 16:00,12-02-2018,84
12-02-2018 17:00,12-02-2018,77
12-02-2018 18:00,12-02-2018,64
12-02-2018 19:00,12-02-2018,73
12-02-2018 20:00,12-02-2018,88
12-02-2018 21:00,12-02-2018,61
12-02-2018 22:00,12-02-2018,58
12-02-2018 23:00,12-02-2018,63
13-02-2018 00:00,13-02-2018,69
13-02-2018 01:00,13-02-2018,81
13-02-2018 02:00,13-02-2018,77
13-02-2018 03:00,13-02-2018,71
13-02-2018 04:00,13-02-2018,71
13-02-2018 05:00,13-02-2018,74
13-02-2018 06:00,13-02-2018,105
13-02-2018 07:00,13-02-2018,151
13-02-2018 08:00,13-02-2018,226
13-02-2018 09:00,13-02-2018,136
13-02-2018 10:00,13-02-2018,92
13-02-2018 11:00,13-02-2018,79
13-02-2018 12:00,13-02-2018,98
13-02-2018 13:00,13-02-2018,132
13-02-2018 14:00,13-02-2018,86.66666667
13-02-2018 15:00,13-02-2018,277
13-02-2018 16:00,13-02-2018,176
13-02-2018 17:00,13-02-2018,149
13-02-2018 18:00,13-02-2018,117
13-02-2018 19:00,13-02-2018,143
13-02-2018 20:00,13-02-2018,169
13-02-2018 21:00,13-02-2018,170
13-02-2018 22:00,13-02-2018,136
13-02-2018 23:00,13-02-2018,114
14-02-2018 00:00,14-02-2018,93
14-02-2018 01:00,14-02-2018,88
14-02-2018 02:00,14-02-2018,88
14-02-2018 03:00,14-02-2018,113
14-02-2018 04:00,14-02-2018,71
14-02-2018 05:00,14-02-2018,44
14-02-2018 06:00,14-02-2018,95
14-02-2018 07:00,14-02-2018,247
14-02-2018 08:00,14-02-2018,313
14-02-2018 09:00,14-02-2018,293
14-02-2018 10:00,14-02-2018,295
14-02-2018 11:00,14-02-2018,196
14-02-2018 12:00,14-02-2018,11
14-02-2018 13:00,14-02-2018,117.2272727
14-02-2018 14:00,14-02-2018,5
14-02-2018 15:00,14-02-2018,27
14-02-2018 16:00,14-02-2018,24
14-02-2018 17:00,14-02-2018,18
14-02-2018 18:00,14-02-2018,44
14-02-2018 19:00,14-02-2018,61
14-02-2018 20:00,14-02-2018,69
14-02-2018 21:00,14-02-2018,68
14-02-2018 22:00,14-02-2018,96
14-02-2018 23:00,14-02-2018,93
15-02-2018 00:00,15-02-2018,208
15-02-2018 01:00,15-02-2018,198
15-02-2018 02:00,15-02-2018,136
15-02-2018 03:00,15-02-2018,192
15-02-2018 04:00,15-02-2018,213
15-02-2018 05:00,15-02-2018,313
15-02-2018 06:00,15-02-2018,314
15-02-2018 07:00,15-02-2018,335
15-02-2018 08:00,15-02-2018,311
15-02-2018 09:00,15-02-2018,302
15-02-2018 10:00,15-02-2018,256
15-02-2018 11:00,15-02-2018,48
15-02-2018 12:00,15-02-2018,80.9
15-02-2018 13:00,15-02-2018,101.1818182
15-02-2018 14:00,15-02-2018,93
15-02-2018 15:00,15-02-2018,89
15-02-2018 16:00,15-02-2018,78
15-02-2018 17:00,15-02-2018,71
15-02-2018 18:00,15-02-2018,63
15-02-2018 19:00,15-02-2018,75
15-02-2018 20:00,15-02-2018,87
15-02-2018 21:00,15-02-2018,83
15-02-2018 22:00,15-02-2018,163
15-02-2018 23:00,15-02-2018,182
16-02-2018 00:00,16-02-2018,177
16-02-2018 01:00,16-02-2018,206
16-02-2018 02:00,16-02-2018,278
16-02-2018 03:00,16-02-2018,242
16-02-2018 04:00,16-02-2018,308
16-02-2018 05:00,16-02-2018,308
16-02-2018 06:00,16-02-2018,320
16-02-2018 07:00,16-02-2018,344
16-02-2018 08:00,16-02-2018,335
16-02-2018 09:00,16-02-2018,248
16-02-2018 10:00,16-02-2018,28
16-02-2018 11:00,16-02-2018,44
16-02-2018 12:00,16-02-2018,63
16-02-2018 13:00,16-02-2018,93
16-02-2018 14:00,16-02-2018,108
16-02-2018 15:00,16-02-2018,117
16-02-2018 16:00,16-02-2018,74
16-02-2018 17:00,16-02-2018,94
16-02-2018 18:00,16-02-2018,98
16-02-2018 19:00,16-02-2018,118
16-02-2018 20:00,16-02-2018,131
16-02-2018 21:00,16-02-2018,192
16-02-2018 22:00,16-02-2018,274
16-02-2018 23:00,16-02-2018,247
17-02-2018 00:00,17-02-2018,209
17-02-2018 01:00,17-02-2018,234
17-02-2018 02:00,17-02-2018,325
17-02-2018 03:00,17-02-2018,334
17-02-2018 04:00,17-02-2018,301
17-02-2018 05:00,17-02-2018,241
17-02-2018 06:00,17-02-2018,180
17-02-2018 07:00,17-02-2018,244
17-02-2018 08:00,17-02-2018,170
17-02-2018 09:00,17-02-2018,106
17-02-2018 10:00,17-02-2018,115
17-02-2018 11:00,17-02-2018,134
17-02-2018 12:00,17-02-2018,196
17-02-2018 13:00,17-02-2018,118
17-02-2018 14:00,17-02-2018,95
17-02-2018 15:00,17-02-2018,87
17-02-2018 16:00,17-02-2018,70
17-02-2018 17:00,17-02-2018,65
17-02-2018 18:00,17-02-2018,100
17-02-2018 19:00,17-02-2018,126
17-02-2018 20:00,17-02-2018,107
17-02-2018 21:00,17-02-2018,150
17-02-2018 22:00,17-02-2018,228
17-02-2018 23:00,17-02-2018,257
18-02-2018 00:00,18-02-2018,226
18-02-2018 01:00,18-02-2018,282
18-02-2018 02:00,18-02-2018,323
18-02-2018 03:00,18-02-2018,384
18-02-2018 04:00,18-02-2018,363
18-02-2018 05:00,18-02-2018,300.8
18-02-2018 06:00,18-02-2018,358
18-02-2018 07:00,18-02-2018,326
18-02-2018 08:00,18-02-2018,5
18-02-2018 09:00,18-02-2018,29
18-02-2018 10:00,18-02-2018,184
18-02-2018 11:00,18-02-2018,306
18-02-2018 12:00,18-02-2018,149
18-02-2018 13:00,18-02-2018,16
18-02-2018 14:00,18-02-2018,45
18-02-2018 15:00,18-02-2018,77
18-02-2018 16:00,18-02-2018,94
18-02-2018 17:00,18-02-2018,26
18-02-2018 18:00,18-02-2018,28
18-02-2018 19:00,18-02-2018,76
18-02-2018 20:00,18-02-2018,95
18-02-2018 21:00,18-02-2018,137
18-02-2018 22:00,18-02-2018,194
18-02-2018 23:00,18-02-2018,235
19-02-2018 00:00,19-02-2018,239
19-02-2018 01:00,19-02-2018,314
19-02-2018 02:00,19-02-2018,382
19-02-2018 03:00,19-02-2018,362
19-02-2018 04:00,19-02-2018,346
19-02-2018 05:00,19-02-2018,334
19-02-2018 06:00,19-02-2018,332
19-02-2018 07:00,19-02-2018,385
19-02-2018 08:00,19-02-2018,337
19-02-2018 09:00,19-02-2018,306
19-02-2018 10:00,19-02-2018,217
19-02-2018 11:00,19-02-2018,139
19-02-2018 12:00,19-02-2018,49
19-02-2018 13:00,19-02-2018,59
19-02-2018 14:00,19-02-2018,80
19-02-2018 15:00,19-02-2018,74
19-02-2018 16:00,19-02-2018,85.9
19-02-2018 17:00,19-02-2018,59.73333333
19-02-2018 18:00,19-02-2018,66.9
19-02-2018 19:00,19-02-2018,91.53333333
19-02-2018 20:00,19-02-2018,152
19-02-2018 21:00,19-02-2018,189
19-02-2018 22:00,19-02-2018,289
19-02-2018 23:00,19-02-2018,314
20-02-2018 00:00,20-02-2018,358
20-02-2018 01:00,20-02-2018,366
20-02-2018 02:00,20-02-2018,365
20-02-2018 03:00,20-02-2018,340
20-02-2018 04:00,20-02-2018,373
20-02-2018 05:00,20-02-2018,360
20-02-2018 06:00,20-02-2018,348
20-02-2018 07:00,20-02-2018,333
20-02-2018 08:00,20-02-2018,240
20-02-2018 09:00,20-02-2018,211
20-02-2018 10:00,20-02-2018,293
20-02-2018 11:00,20-02-2018,163
20-02-2018 12:00,20-02-2018,90
20-02-2018 13:00,20-02-2018,104
20-02-2018 14:00,20-02-2018,127
20-02-2018 15:00,20-02-2018,94
20-02-2018 16:00,20-02-2018,71
20-02-2018 17:00,20-02-2018,46
20-02-2018 18:00,20-02-2018,58
20-02-2018 19:00,20-02-2018,79
20-02-2018 20:00,20-02-2018,137
20-02-2018 21:00,20-02-2018,147
20-02-2018 22:00,20-02-2018,171
20-02-2018 23:00,20-02-2018,284
21-02-2018 00:00,21-02-2018,343
21-02-2018 01:00,21-02-2018,371
21-02-2018 02:00,21-02-2018,345
21-02-2018 03:00,21-02-2018,323
21-02-2018 04:00,21-02-2018,321
21-02-2018 05:00,21-02-2018,334
21-02-2018 06:00,21-02-2018,338
21-02-2018 07:00,21-02-2018,377
21-02-2018 08:00,21-02-2018,335
21-02-2018 09:00,21-02-2018,303
21-02-2018 10:00,21-02-2018,249
21-02-2018 11:00,21-02-2018,168
21-02-2018 12:00,21-02-2018,132
21-02-2018 13:00,21-02-2018,65
21-02-2018 14:00,21-02-2018,54
21-02-2018 15:00,21-02-2018,121
21-02-2018 16:00,21-02-2018,127
21-02-2018 17:00,21-02-2018,110
21-02-2018 18:00,21-02-2018,93
21-02-2018 19:00,21-02-2018,94
21-02-2018 20:00,21-02-2018,163
21-02-2018 21:00,21-02-2018,327
21-02-2018 22:00,21-02-2018,327
21-02-2018 23:00,21-02-2018,329
22-02-2018 00:00,22-02-2018,318
22-02-2018 01:00,22-02-2018,319
22-02-2018 02:00,22-02-2018,297
22-02-2018 03:00,22-02-2018,330
22-02-2018 04:00,22-02-2018,372
22-02-2018 05:00,22-02-2018,414
22-02-2018 06:00,22-02-2018,402
22-02-2018 07:00,22-02-2018,369
22-02-2018 08:00,22-02-2018,357
22-02-2018 09:00,22-02-2018,404
22-02-2018 10:00,22-02-2018,387
22-02-2018 11:00,22-02-2018,273
22-02-2018 12:00,22-02-2018,66
22-02-2018 13:00,22-02-2018,32
22-02-2018 14:00,22-02-2018,40
22-02-2018 15:00,22-02-2018,128.4
22-02-2018 16:00,22-02-2018,36
22-02-2018 17:00,22-02-2018,53
22-02-2018 18:00,22-02-2018,88
22-02-2018 19:00,22-02-2018,83
22-02-2018 20:00,22-02-2018,128
22-02-2018 21:00,22-02-2018,218
22-02-2018 22:00,22-02-2018,205
22-02-2018 23:00,22-02-2018,137
23-02-2018 00:00,23-02-2018,196
23-02-2018 01:00,23-02-2018,223
23-02-2018 02:00,23-02-2018,239
23-02-2018 03:00,23-02-2018,267
23-02-2018 04:00,23-02-2018,150
23-02-2018 05:00,23-02-2018,222
23-02-2018 06:00,23-02-2018,240
23-02-2018 07:00,23-02-2018,316
23-02-2018 08:00,23-02-2018,318
23-02-2018 09:00,23-02-2018,342
23-02-2018 10:00,23-02-2018,337
23-02-2018 11:00,23-02-2018,301
23-02-2018 12:00,23-02-2018,175
23-02-2018 13:00,23-02-2018,208
23-02-2018 14:00,23-02-2018,258
23-02-2018 15:00,23-02-2018,202
23-02-2018 16:00,23-02-2018,171
23-02-2018 17:00,23-02-2018,151
23-02-2018 18:00,23-02-2018,112
23-02-2018 19:00,23-02-2018,149
23-02-2018 20:00,23-02-2018,175
23-02-2018 21:00,23-02-2018,206
23-02-2018 22:00,23-02-2018,244
23-02-2018 23:00,23-02-2018,315
24-02-2018 00:00,24-02-2018,312
24-02-2018 01:00,24-02-2018,315
24-02-2018 02:00,24-02-2018,308
24-02-2018 03:00,24-02-2018,312
24-02-2018 04:00,24-02-2018,305
24-02-2018 05:00,24-02-2018,309
24-02-2018 06:00,24-02-2018,322
24-02-2018 07:00,24-02-2018,351
24-02-2018 08:00,24-02-2018,344
24-02-2018 09:00,24-02-2018,328
24-02-2018 10:00,24-02-2018,236
24-02-2018 11:00,24-02-2018,128
24-02-2018 12:00,24-02-2018,90
24-02-2018 13:00,24-02-2018,132
24-02-2018 14:00,24-02-2018,143
24-02-2018 15:00,24-02-2018,100
24-02-2018 16:00,24-02-2018,156
24-02-2018 17:00,24-02-2018,187
24-02-2018 18:00,24-02-2018,131
24-02-2018 19:00,24-02-2018,261
24-02-2018 20:00,24-02-2018,288
24-02-2018 21:00,24-02-2018,307
24-02-2018 22:00,24-02-2018,312
24-02-2018 23:00,24-02-2018,316
25-02-2018 00:00,25-02-2018,316
25-02-2018 01:00,25-02-2018,325
25-02-2018 02:00,25-02-2018,326
25-02-2018 03:00,25-02-2018,359
25-02-2018 04:00,25-02-2018,346
25-02-2018 05:00,25-02-2018,342
25-02-2018 06:00,25-02-2018,320
25-02-2018 07:00,25-02-2018,333
25-02-2018 08:00,25-02-2018,193
25-02-2018 09:00,25-02-2018,91
25-02-2018 10:00,25-02-2018,148
25-02-2018 11:00,25-02-2018,253
25-02-2018 12:00,25-02-2018,169
25-02-2018 13:00,25-02-2018,153
25-02-2018 14:00,25-02-2018,110
25-02-2018 15:00,25-02-2018,101
25-02-2018 16:00,25-02-2018,108
25-02-2018 17:00,25-02-2018,66
25-02-2018 18:00,25-02-2018,64
25-02-2018 19:00,25-02-2018,62
25-02-2018 20:00,25-02-2018,63
25-02-2018 21:00,25-02-2018,74
25-02-2018 22:00,25-02-2018,86
25-02-2018 23:00,25-02-2018,83
26-02-2018 00:00,26-02-2018,71
26-02-2018 01:00,26-02-2018,73
26-02-2018 02:00,26-02-2018,59
26-02-2018 03:00,26-02-2018,50
26-02-2018 04:00,26-02-2018,86
26-02-2018 05:00,26-02-2018,250
26-02-2018 06:00,26-02-2018,309
26-02-2018 07:00,26-02-2018,271
26-02-2018 08:00,26-02-2018,162
26-02-2018 09:00,26-02-2018,173
26-02-2018 10:00,26-02-2018,220
26-02-2018 11:00,26-02-2018,29
26-02-2018 12:00,26-02-2018,2
26-02-2018 13:00,26-02-2018,10
26-02-2018 14:00,26-02-2018,43
26-02-2018 15:00,26-02-2018,65
26-02-2018 16:00,26-02-2018,63
26-02-2018 17:00,26-02-2018,47
26-02-2018 18:00,26-02-2018,30
26-02-2018 19:00,26-02-2018,50
26-02-2018 20:00,26-02-2018,40
26-02-2018 21:00,26-02-2018,64
26-02-2018 22:00,26-02-2018,131
26-02-2018 23:00,26-02-2018,96
27-02-2018 00:00,27-02-2018,52
27-02-2018 01:00,27-02-2018,47
27-02-2018 02:00,27-02-2018,72
27-02-2018 03:00,27-02-2018,109
27-02-2018 04:00,27-02-2018,197
27-02-2018 05:00,27-02-2018,114
27-02-2018 06:00,27-02-2018,42
27-02-2018 07:00,27-02-2018,121
27-02-2018 08:00,27-02-2018,162
27-02-2018 09:00,27-02-2018,285
27-02-2018 10:00,27-02-2018,162
27-02-2018 11:00,27-02-2018,58
27-02-2018 12:00,27-02-2018,28
27-02-2018 13:00,27-02-2018,59
27-02-2018 14:00,27-02-2018,56
27-02-2018 15:00,27-02-2018,77
27-02-2018 16:00,27-02-2018,82
27-02-2018 17:00,27-02-2018,75
27-02-2018 18:00,27-02-2018,91
27-02-2018 19:00,27-02-2018,72
27-02-2018 20:00,27-02-2018,84
27-02-2018 21:00,27-02-2018,108
27-02-2018 22:00,27-02-2018,188
27-02-2018 23:00,27-02-2018,261
28-02-2018 00:00,28-02-2018,270
28-02-2018 01:00,28-02-2018,235
28-02-2018 02:00,28-02-2018,317
28-02-2018 03:00,28-02-2018,347
28-02-2018 04:00,28-02-2018,362
28-02-2018 05:00,28-02-2018,344
28-02-2018 06:00,28-02-2018,355
28-02-2018 07:00,28-02-2018,356
28-02-2018 08:00,28-02-2018,349
28-02-2018 09:00,28-02-2018,284
28-02-2018 10:00,28-02-2018,208
28-02-2018 11:00,28-02-2018,78
28-02-2018 12:00,28-02-2018,37
28-02-2018 13:00,28-02-2018,67
28-02-2018 14:00,28-02-2018,96
28-02-2018 15:00,28-02-2018,112
28-02-2018 16:00,28-02-2018,97
28-02-2018 17:00,28-02-2018,136
28-02-2018 18:00,28-02-2018,92
28-02-2018 19:00,28-02-2018,94
28-02-2018 20:00,28-02-2018,126
28-02-2018 21:00,28-02-2018,117
28-02-2018 22:00,28-02-2018,171
28-02-2018 23:00,28-02-2018,152
01-03-2018 00:00,01-03-2018,149
01-03-2018 01:00,01-03-2018,249
01-03-2018 02:00,01-03-2018,277
01-03-2018 03:00,01-03-2018,283
01-03-2018 04:00,01-03-2018,309
01-03-2018 05:00,01-03-2018,303
01-03-2018 06:00,01-03-2018,333
01-03-2018 07:00,01-03-2018,357
01-03-2018 08:00,01-03-2018,354
01-03-2018 09:00,01-03-2018,370
01-03-2018 10:00,01-03-2018,317
01-03-2018 11:00,01-03-2018,229
01-03-2018 12:00,01-03-2018,28
01-03-2018 13:00,01-03-2018,50
01-03-2018 14:00,01-03-2018,95
01-03-2018 15:00,01-03-2018,51
01-03-2018 16:00,01-03-2018,90
01-03-2018 17:00,01-03-2018,49
01-03-2018 18:00,01-03-2018,35
01-03-2018 19:00,01-03-2018,41
01-03-2018 20:00,01-03-2018,53
01-03-2018 21:00,01-03-2018,63
01-03-2018 22:00,01-03-2018,117
01-03-2018 23:00,01-03-2018,195
02-03-2018 00:00,02-03-2018,251
02-03-2018 01:00,02-03-2018,312
02-03-2018 02:00,02-03-2018,328
02-03-2018 03:00,02-03-2018,325
02-03-2018 04:00,02-03-2018,308
02-03-2018 05:00,02-03-2018,245
02-03-2018 06:00,02-03-2018,241
02-03-2018 07:00,02-03-2018,319
02-03-2018 08:00,02-03-2018,311
02-03-2018 09:00,02-03-2018,289
02-03-2018 10:00,02-03-2018,222
02-03-2018 11:00,02-03-2018,196
02-03-2018 12:00,02-03-2018,171
02-03-2018 13:00,02-03-2018,320
02-03-2018 14:00,02-03-2018,150
02-03-2018 15:00,02-03-2018,80
02-03-2018 16:00,02-03-2018,71
02-03-2018 17:00,02-03-2018,59
02-03-2018 18:00,02-03-2018,49
02-03-2018 19:00,02-03-2018,65
02-03-2018 20:00,02-03-2018,75
02-03-2018 21:00,02-03-2018,102
02-03-2018 22:00,02-03-2018,163
02-03-2018 23:00,02-03-2018,139
03-03-2018 00:00,03-03-2018,228
03-03-2018 01:00,03-03-2018,312
03-03-2018 02:00,03-03-2018,301
03-03-2018 03:00,03-03-2018,231
03-03-2018 04:00,03-03-2018,266
03-03-2018 05:00,03-03-2018,177
03-03-2018 06:00,03-03-2018,302
03-03-2018 07:00,03-03-2018,335
03-03-2018 08:00,03-03-2018,232
03-03-2018 09:00,03-03-2018,81
03-03-2018 10:00,03-03-2018,172
03-03-2018 11:00,03-03-2018,134
03-03-2018 12:00,03-03-2018,28
03-03-2018 13:00,03-03-2018,54
03-03-2018 14:00,03-03-2018,42
03-03-2018 15:00,03-03-2018,49
03-03-2018 16:00,03-03-2018,59
03-03-2018 17:00,03-03-2018,51
03-03-2018 18:00,03-03-2018,61
03-03-2018 19:00,03-03-2018,82
03-03-2018 20:00,03-03-2018,69
03-03-2018 21:00,03-03-2018,84
03-03-2018 22:00,03-03-2018,79
03-03-2018 23:00,03-03-2018,121
04-03-2018 00:00,04-03-2018,194
04-03-2018 01:00,04-03-2018,218
04-03-2018 02:00,04-03-2018,309
04-03-2018 03:00,04-03-2018,88
04-03-2018 04:00,04-03-2018,75
04-03-2018 05:00,04-03-2018,128
04-03-2018 06:00,04-03-2018,113
04-03-2018 07:00,04-03-2018,88
04-03-2018 08:00,04-03-2018,89
04-03-2018 09:00,04-03-2018,74
04-03-2018 10:00,04-03-2018,76
04-03-2018 11:00,04-03-2018,73
04-03-2018 12:00,04-03-2018,46
04-03-2018 13:00,04-03-2018,245
04-03-2018 14:00,04-03-2018,189
04-03-2018 15:00,04-03-2018,82
04-03-2018 16:00,04-03-2018,28
04-03-2018 17:00,04-03-2018,43
04-03-2018 18:00,04-03-2018,34
04-03-2018 19:00,04-03-2018,40
04-03-2018 20:00,04-03-2018,46
04-03-2018 21:00,04-03-2018,49
04-03-2018 22:00,04-03-2018,66
04-03-2018 23:00,04-03-2018,232
05-03-2018 00:00,05-03-2018,288
05-03-2018 01:00,05-03-2018,168
05-03-2018 02:00,05-03-2018,95
05-03-2018 03:00,05-03-2018,63
05-03-2018 04:00,05-03-2018,123
05-03-2018 05:00,05-03-2018,143
05-03-2018 06:00,05-03-2018,216
05-03-2018 07:00,05-03-2018,236
05-03-2018 08:00,05-03-2018,216
05-03-2018 09:00,05-03-2018,249
05-03-2018 10:00,05-03-2018,114
05-03-2018 11:00,05-03-2018,40
05-03-2018 12:00,05-03-2018,19
05-03-2018 13:00,05-03-2018,22
05-03-2018 14:00,05-03-2018,46
05-03-2018 15:00,05-03-2018,44
05-03-2018 16:00,05-03-2018,51
05-03-2018 17:00,05-03-2018,47
05-03-2018 18:00,05-03-2018,26
05-03-2018 19:00,05-03-2018,29
05-03-2018 20:00,05-03-2018,41
05-03-2018 21:00,05-03-2018,58
05-03-2018 22:00,05-03-2018,92
05-03-2018 23:00,05-03-2018,129
06-03-2018 00:00,06-03-2018,99
06-03-2018 01:00,06-03-2018,70
06-03-2018 02:00,06-03-2018,66
06-03-2018 03:00,06-03-2018,53
06-03-2018 04:00,06-03-2018,129
06-03-2018 05:00,06-03-2018,182
06-03-2018 06:00,06-03-2018,162
06-03-2018 07:00,06-03-2018,96
06-03-2018 08:00,06-03-2018,88
06-03-2018 09:00,06-03-2018,163
06-03-2018 10:00,06-03-2018,126
06-03-2018 11:00,06-03-2018,72
06-03-2018 12:00,06-03-2018,62
06-03-2018 13:00,06-03-2018,65
06-03-2018 14:00,06-03-2018,51
06-03-2018 15:00,06-03-2018,56
06-03-2018 16:00,06-03-2018,41
06-03-2018 17:00,06-03-2018,34
06-03-2018 18:00,06-03-2018,28
06-03-2018 19:00,06-03-2018,34
06-03-2018 20:00,06-03-2018,50
06-03-2018 21:00,06-03-2018,88
06-03-2018 22:00,06-03-2018,163
06-03-2018 23:00,06-03-2018,287
07-03-2018 00:00,07-03-2018,174
07-03-2018 01:00,07-03-2018,172
07-03-2018 02:00,07-03-2018,235
07-03-2018 03:00,07-03-2018,289
07-03-2018 04:00,07-03-2018,145
07-03-2018 05:00,07-03-2018,315
07-03-2018 06:00,07-03-2018,328
07-03-2018 07:00,07-03-2018,311
07-03-2018 08:00,07-03-2018,198
07-03-2018 09:00,07-03-2018,91
07-03-2018 10:00,07-03-2018,31
07-03-2018 11:00,07-03-2018,60
07-03-2018 12:00,07-03-2018,81
07-03-2018 13:00,07-03-2018,36
07-03-2018 14:00,07-03-2018,40
07-03-2018 15:00,07-03-2018,50
07-03-2018 16:00,07-03-2018,60
07-03-2018 17:00,07-03-2018,30
07-03-2018 18:00,07-03-2018,41
07-03-2018 19:00,07-03-2018,46
07-03-2018 20:00,07-03-2018,62
07-03-2018 21:00,07-03-2018,71
07-03-2018 22:00,07-03-2018,123
07-03-2018 23:00,07-03-2018,162
08-03-2018 00:00,08-03-2018,186
08-03-2018 01:00,08-03-2018,235
08-03-2018 02:00,08-03-2018,201.4333333
08-03-2018 03:00,08-03-2018,204.4666667
08-03-2018 04:00,08-03-2018,194.7
08-03-2018 05:00,08-03-2018,260.8333333
08-03-2018 06:00,08-03-2018,280.5333333
08-03-2018 07:00,08-03-2018,259.4333333
08-03-2018 08:00,08-03-2018,205.2
08-03-2018 09:00,08-03-2018,189.9666667
08-03-2018 10:00,08-03-2018,158.2666667
08-03-2018 11:00,08-03-2018,122.3
08-03-2018 12:00,08-03-2018,84
08-03-2018 13:00,08-03-2018,100
08-03-2018 14:00,08-03-2018,61
08-03-2018 15:00,08-03-2018,73
08-03-2018 16:00,08-03-2018,64
08-03-2018 17:00,08-03-2018,66
08-03-2018 18:00,08-03-2018,43
08-03-2018 19:00,08-03-2018,101
08-03-2018 20:00,08-03-2018,97
08-03-2018 21:00,08-03-2018,156
08-03-2018 22:00,08-03-2018,154
08-03-2018 23:00,08-03-2018,156
09-03-2018 00:00,09-03-2018,265
09-03-2018 01:00,09-03-2018,287
09-03-2018 02:00,09-03-2018,304
09-03-2018 03:00,09-03-2018,317
09-03-2018 04:00,09-03-2018,350
09-03-2018 05:00,09-03-2018,335
09-03-2018 06:00,09-03-2018,344
09-03-2018 07:00,09-03-2018,348
09-03-2018 08:00,09-03-2018,340
09-03-2018 09:00,09-03-2018,364
09-03-2018 10:00,09-03-2018,342
09-03-2018 11:00,09-03-2018,256
09-03-2018 12:00,09-03-2018,86
09-03-2018 13:00,09-03-2018,84
09-03-2018 14:00,09-03-2018,64
09-03-2018 15:00,09-03-2018,89
09-03-2018 16:00,09-03-2018,63
09-03-2018 17:00,09-03-2018,39
09-03-2018 18:00,09-03-2018,34
09-03-2018 19:00,09-03-2018,64
09-03-2018 20:00,09-03-2018,71
09-03-2018 21:00,09-03-2018,111
09-03-2018 22:00,09-03-2018,176
09-03-2018 23:00,09-03-2018,181
10-03-2018 00:00,10-03-2018,252
10-03-2018 01:00,10-03-2018,254
10-03-2018 02:00,10-03-2018,134
10-03-2018 03:00,10-03-2018,74
10-03-2018 04:00,10-03-2018,115
10-03-2018 05:00,10-03-2018,171
10-03-2018 06:00,10-03-2018,271
10-03-2018 07:00,10-03-2018,222
10-03-2018 08:00,10-03-2018,89
10-03-2018 09:00,10-03-2018,69
10-03-2018 10:00,10-03-2018,136
10-03-2018 11:00,10-03-2018,105
10-03-2018 12:00,10-03-2018,112
10-03-2018 13:00,10-03-2018,50
10-03-2018 14:00,10-03-2018,41
10-03-2018 15:00,10-03-2018,49
10-03-2018 16:00,10-03-2018,45
10-03-2018 17:00,10-03-2018,28
10-03-2018 18:00,10-03-2018,27
10-03-2018 19:00,10-03-2018,57
10-03-2018 20:00,10-03-2018,67
10-03-2018 21:00,10-03-2018,67
10-03-2018 22:00,10-03-2018,143
10-03-2018 23:00,10-03-2018,114
11-03-2018 00:00,11-03-2018,103
11-03-2018 01:00,11-03-2018,79
11-03-2018 02:00,11-03-2018,85
11-03-2018 03:00,11-03-2018,124
11-03-2018 04:00,11-03-2018,151
11-03-2018 05:00,11-03-2018,240
11-03-2018 06:00,11-03-2018,227
11-03-2018 07:00,11-03-2018,195
11-03-2018 08:00,11-03-2018,153
11-03-2018 09:00,11-03-2018,120
11-03-2018 10:00,11-03-2018,75
11-03-2018 11:00,11-03-2018,122
11-03-2018 12:00,11-03-2018,128
11-03-2018 13:00,11-03-2018,100
11-03-2018 14:00,11-03-2018,82
11-03-2018 15:00,11-03-2018,60
11-03-2018 16:00,11-03-2018,55
11-03-2018 17:00,11-03-2018,44
11-03-2018 18:00,11-03-2018,54
11-03-2018 19:00,11-03-2018,61
11-03-2018 20:00,11-03-2018,54
11-03-2018 21:00,11-03-2018,77
11-03-2018 22:00,11-03-2018,147
11-03-2018 23:00,11-03-2018,186
12-03-2018 00:00,12-03-2018,249
12-03-2018 01:00,12-03-2018,221
12-03-2018 02:00,12-03-2018,262
12-03-2018 03:00,12-03-2018,316
12-03-2018 04:00,12-03-2018,282
12-03-2018 05:00,12-03-2018,319
12-03-2018 06:00,12-03-2018,309
12-03-2018 07:00,12-03-2018,289
12-03-2018 08:00,12-03-2018,317
12-03-2018 09:00,12-03-2018,319
12-03-2018 10:00,12-03-2018,262
12-03-2018 11:00,12-03-2018,36
12-03-2018 12:00,12-03-2018,53
12-03-2018 13:00,12-03-2018,80
12-03-2018 14:00,12-03-2018,65
12-03-2018 15:00,12-03-2018,67
12-03-2018 16:00,12-03-2018,53
12-03-2018 17:00,12-03-2018,32
12-03-2018 18:00,12-03-2018,40
12-03-2018 19:00,12-03-2018,51
12-03-2018 20:00,12-03-2018,65
12-03-2018 21:00,12-03-2018,96
12-03-2018 22:00,12-03-2018,141
12-03-2018 23:00,12-03-2018,211
13-03-2018 00:00,13-03-2018,161
13-03-2018 01:00,13-03-2018,138
13-03-2018 02:00,13-03-2018,161
13-03-2018 03:00,13-03-2018,310
13-03-2018 04:00,13-03-2018,322
13-03-2018 05:00,13-03-2018,338
13-03-2018 06:00,13-03-2018,304
13-03-2018 07:00,13-03-2018,336
13-03-2018 08:00,13-03-2018,281
13-03-2018 09:00,13-03-2018,264
13-03-2018 10:00,13-03-2018,212
13-03-2018 11:00,13-03-2018,100
13-03-2018 12:00,13-03-2018,109
13-03-2018 13:00,13-03-2018,70
13-03-2018 14:00,13-03-2018,43
13-03-2018 15:00,13-03-2018,55
13-03-2018 16:00,13-03-2018,60
13-03-2018 17:00,13-03-2018,32
13-03-2018 18:00,13-03-2018,35
13-03-2018 19:00,13-03-2018,40
13-03-2018 20:00,13-03-2018,65
13-03-2018 21:00,13-03-2018,112
13-03-2018 22:00,13-03-2018,126
13-03-2018 23:00,13-03-2018,99
14-03-2018 00:00,14-03-2018,151
14-03-2018 01:00,14-03-2018,150
14-03-2018 02:00,14-03-2018,236
14-03-2018 03:00,14-03-2018,261
14-03-2018 04:00,14-03-2018,247
14-03-2018 05:00,14-03-2018,277
14-03-2018 06:00,14-03-2018,146
14-03-2018 07:00,14-03-2018,159
14-03-2018 08:00,14-03-2018,181
14-03-2018 09:00,14-03-2018,159
14-03-2018 10:00,14-03-2018,97
14-03-2018 11:00,14-03-2018,46
14-03-2018 12:00,14-03-2018,50
14-03-2018 13:00,14-03-2018,42
14-03-2018 14:00,14-03-2018,79
14-03-2018 15:00,14-03-2018,56
14-03-2018 16:00,14-03-2018,53
14-03-2018 17:00,14-03-2018,50
14-03-2018 18:00,14-03-2018,39
14-03-2018 19:00,14-03-2018,47
14-03-2018 20:00,14-03-2018,71
14-03-2018 21:00,14-03-2018,94
14-03-2018 22:00,14-03-2018,143
14-03-2018 23:00,14-03-2018,174
15-03-2018 00:00,15-03-2018,179
15-03-2018 01:00,15-03-2018,225
15-03-2018 02:00,15-03-2018,306
15-03-2018 03:00,15-03-2018,319
15-03-2018 04:00,15-03-2018,317
15-03-2018 05:00,15-03-2018,338
15-03-2018 06:00,15-03-2018,175
15-03-2018 07:00,15-03-2018,171
15-03-2018 08:00,15-03-2018,107
15-03-2018 09:00,15-03-2018,104
15-03-2018 10:00,15-03-2018,42
15-03-2018 11:00,15-03-2018,28
15-03-2018 12:00,15-03-2018,22
15-03-2018 13:00,15-03-2018,55
15-03-2018 14:00,15-03-2018,62.04545455
15-03-2018 15:00,15-03-2018,53.77272727
15-03-2018 16:00,15-03-2018,51.5
15-03-2018 17:00,15-03-2018,38.68181818
15-03-2018 18:00,15-03-2018,37.31818182
15-03-2018 19:00,15-03-2018,45.66666667
15-03-2018 20:00,15-03-2018,67.33333333
15-03-2018 21:00,15-03-2018,85.2
15-03-2018 22:00,15-03-2018,116.1
15-03-2018 23:00,15-03-2018,131.1
16-03-2018 00:00,16-03-2018,136.3
16-03-2018 01:00,16-03-2018,137.9
16-03-2018 02:00,16-03-2018,210.2333333
16-03-2018 03:00,16-03-2018,253.1
16-03-2018 04:00,16-03-2018,290.3333333
16-03-2018 05:00,16-03-2018,304.3666667
16-03-2018 06:00,16-03-2018,241.9333333
16-03-2018 07:00,16-03-2018,251.5
16-03-2018 08:00,16-03-2018,183.6666667
16-03-2018 09:00,16-03-2018,135.4666667
16-03-2018 10:00,16-03-2018,102.0666667
16-03-2018 11:00,16-03-2018,53.36666667
16-03-2018 12:00,16-03-2018,45.06666667
16-03-2018 13:00,16-03-2018,53.03333333
16-03-2018 14:00,16-03-2018,59.86363636
16-03-2018 15:00,16-03-2018,57.18181818
16-03-2018 16:00,16-03-2018,49.86363636
16-03-2018 17:00,16-03-2018,33.13636364
16-03-2018 18:00,16-03-2018,33.68181818
16-03-2018 19:00,16-03-2018,49
16-03-2018 20:00,16-03-2018,80
16-03-2018 21:00,16-03-2018,68
16-03-2018 22:00,16-03-2018,82
16-03-2018 23:00,16-03-2018,91
17-03-2018 00:00,17-03-2018,100
17-03-2018 01:00,17-03-2018,85
17-03-2018 02:00,17-03-2018,184
17-03-2018 03:00,17-03-2018,199
17-03-2018 04:00,17-03-2018,310
17-03-2018 05:00,17-03-2018,316
17-03-2018 06:00,17-03-2018,316
17-03-2018 07:00,17-03-2018,310
17-03-2018 08:00,17-03-2018,197
17-03-2018 09:00,17-03-2018,86
17-03-2018 10:00,17-03-2018,53
17-03-2018 11:00,17-03-2018,52
17-03-2018 12:00,17-03-2018,42
17-03-2018 13:00,17-03-2018,36
17-03-2018 14:00,17-03-2018,42
17-03-2018 15:00,17-03-2018,51
17-03-2018 16:00,17-03-2018,36
17-03-2018 17:00,17-03-2018,30
17-03-2018 18:00,17-03-2018,38
17-03-2018 19:00,17-03-2018,43
17-03-2018 20:00,17-03-2018,38
17-03-2018 21:00,17-03-2018,65
17-03-2018 22:00,17-03-2018,112
17-03-2018 23:00,17-03-2018,138
18-03-2018 00:00,18-03-2018,117
18-03-2018 01:00,18-03-2018,85
18-03-2018 02:00,18-03-2018,139
18-03-2018 03:00,18-03-2018,264
18-03-2018 04:00,18-03-2018,304
18-03-2018 05:00,18-03-2018,316
18-03-2018 06:00,18-03-2018,311
18-03-2018 07:00,18-03-2018,288
18-03-2018 08:00,18-03-2018,139
18-03-2018 09:00,18-03-2018,48
18-03-2018 10:00,18-03-2018,50
18-03-2018 11:00,18-03-2018,18
18-03-2018 12:00,18-03-2018,43
18-03-2018 13:00,18-03-2018,66
18-03-2018 14:00,18-03-2018,56
18-03-2018 15:00,18-03-2018,36
18-03-2018 16:00,18-03-2018,45
18-03-2018 17:00,18-03-2018,32
18-03-2018 18:00,18-03-2018,26
18-03-2018 19:00,18-03-2018,31
18-03-2018 20:00,18-03-2018,57
18-03-2018 21:00,18-03-2018,87
18-03-2018 22:00,18-03-2018,83
18-03-2018 23:00,18-03-2018,98
19-03-2018 00:00,19-03-2018,85
19-03-2018 01:00,19-03-2018,71
19-03-2018 02:00,19-03-2018,80
19-03-2018 03:00,19-03-2018,96
19-03-2018 04:00,19-03-2018,130
19-03-2018 05:00,19-03-2018,104
19-03-2018 06:00,19-03-2018,126
19-03-2018 07:00,19-03-2018,313
19-03-2018 08:00,19-03-2018,305
19-03-2018 09:00,19-03-2018,294
19-03-2018 10:00,19-03-2018,378
19-03-2018 11:00,19-03-2018,147
19-03-2018 12:00,19-03-2018,76
19-03-2018 13:00,19-03-2018,70
19-03-2018 14:00,19-03-2018,69
19-03-2018 15:00,19-03-2018,45
19-03-2018 16:00,19-03-2018,74
19-03-2018 17:00,19-03-2018,31
19-03-2018 18:00,19-03-2018,31
19-03-2018 19:00,19-03-2018,45
19-03-2018 20:00,19-03-2018,102
19-03-2018 21:00,19-03-2018,109
19-03-2018 22:00,19-03-2018,136
19-03-2018 23:00,19-03-2018,61
20-03-2018 00:00,20-03-2018,44
20-03-2018 01:00,20-03-2018,78
20-03-2018 02:00,20-03-2018,143
20-03-2018 03:00,20-03-2018,221
20-03-2018 04:00,20-03-2018,304
20-03-2018 05:00,20-03-2018,324
20-03-2018 06:00,20-03-2018,333
20-03-2018 07:00,20-03-2018,322
20-03-2018 08:00,20-03-2018,309
20-03-2018 09:00,20-03-2018,281
20-03-2018 10:00,20-03-2018,272
20-03-2018 11:00,20-03-2018,175
20-03-2018 12:00,20-03-2018,45
20-03-2018 13:00,20-03-2018,71
20-03-2018 14:00,20-03-2018,152
20-03-2018 15:00,20-03-2018,215
20-03-2018 16:00,20-03-2018,96
20-03-2018 17:00,20-03-2018,3
20-03-2018 18:00,20-03-2018,5
20-03-2018 19:00,20-03-2018,68
20-03-2018 20:00,20-03-2018,175
20-03-2018 21:00,20-03-2018,199
20-03-2018 22:00,20-03-2018,90
20-03-2018 23:00,20-03-2018,91
21-03-2018 00:00,21-03-2018,116
21-03-2018 01:00,21-03-2018,183
21-03-2018 02:00,21-03-2018,202
21-03-2018 03:00,21-03-2018,305
21-03-2018 04:00,21-03-2018,320
21-03-2018 05:00,21-03-2018,317
21-03-2018 06:00,21-03-2018,228.8571429
21-03-2018 07:00,21-03-2018,301.9047619
21-03-2018 08:00,21-03-2018,280.1428571
21-03-2018 09:00,21-03-2018,275.5862069
21-03-2018 10:00,21-03-2018,258.1724138
21-03-2018 11:00,21-03-2018,166.8275862
21-03-2018 12:00,21-03-2018,79.17241379
21-03-2018 13:00,21-03-2018,59.79310345
21-03-2018 14:00,21-03-2018,73.65517241
21-03-2018 15:00,21-03-2018,86.17241379
21-03-2018 16:00,21-03-2018,70.96551724
21-03-2018 17:00,21-03-2018,38.82758621
21-03-2018 18:00,21-03-2018,40.89655172
21-03-2018 19:00,21-03-2018,58.96666667
21-03-2018 20:00,21-03-2018,89.3
21-03-2018 21:00,21-03-2018,102.0333333
21-03-2018 22:00,21-03-2018,84.7
21-03-2018 23:00,21-03-2018,89.2
22-03-2018 00:00,22-03-2018,95.16666667
22-03-2018 01:00,22-03-2018,119.5357143
22-03-2018 02:00,22-03-2018,132.4666667
22-03-2018 03:00,22-03-2018,171.5333333
22-03-2018 04:00,22-03-2018,209.6666667
22-03-2018 05:00,22-03-2018,217.7666667
22-03-2018 06:00,22-03-2018,180.3
22-03-2018 07:00,22-03-2018,288.85
22-03-2018 08:00,22-03-2018,282.3
22-03-2018 09:00,22-03-2018,349
22-03-2018 10:00,22-03-2018,340
22-03-2018 11:00,22-03-2018,311
22-03-2018 12:00,22-03-2018,183
22-03-2018 13:00,22-03-2018,73
22-03-2018 14:00,22-03-2018,33
22-03-2018 15:00,22-03-2018,18
22-03-2018 16:00,22-03-2018,68
22-03-2018 17:00,22-03-2018,77
22-03-2018 18:00,22-03-2018,85
22-03-2018 19:00,22-03-2018,81
22-03-2018 20:00,22-03-2018,50
22-03-2018 21:00,22-03-2018,50
22-03-2018 22:00,22-03-2018,46
22-03-2018 23:00,22-03-2018,59
23-03-2018 00:00,23-03-2018,83
23-03-2018 01:00,23-03-2018,89
23-03-2018 02:00,23-03-2018,74
23-03-2018 03:00,23-03-2018,68
23-03-2018 04:00,23-03-2018,86
23-03-2018 05:00,23-03-2018,74
23-03-2018 06:00,23-03-2018,103
23-03-2018 07:00,23-03-2018,247
23-03-2018 08:00,23-03-2018,274
23-03-2018 09:00,23-03-2018,250
23-03-2018 10:00,23-03-2018,138
23-03-2018 11:00,23-03-2018,51
23-03-2018 12:00,23-03-2018,7
23-03-2018 13:00,23-03-2018,23
23-03-2018 14:00,23-03-2018,35
23-03-2018 15:00,23-03-2018,51
23-03-2018 16:00,23-03-2018,52
23-03-2018 17:00,23-03-2018,43
23-03-2018 18:00,23-03-2018,48
23-03-2018 19:00,23-03-2018,45
23-03-2018 20:00,23-03-2018,40
23-03-2018 21:00,23-03-2018,53
23-03-2018 22:00,23-03-2018,84
23-03-2018 23:00,23-03-2018,149
24-03-2018 00:00,24-03-2018,143
24-03-2018 01:00,24-03-2018,131
24-03-2018 02:00,24-03-2018,151
24-03-2018 03:00,24-03-2018,46
24-03-2018 04:00,24-03-2018,147
24-03-2018 05:00,24-03-2018,183
24-03-2018 06:00,24-03-2018,144
24-03-2018 07:00,24-03-2018,319
24-03-2018 08:00,24-03-2018,310
24-03-2018 09:00,24-03-2018,297
24-03-2018 10:00,24-03-2018,187
24-03-2018 11:00,24-03-2018,35
24-03-2018 12:00,24-03-2018,6
24-03-2018 13:00,24-03-2018,21
24-03-2018 14:00,24-03-2018,43
24-03-2018 15:00,24-03-2018,64
24-03-2018 16:00,24-03-2018,58
24-03-2018 17:00,24-03-2018,48
24-03-2018 18:00,24-03-2018,30
24-03-2018 19:00,24-03-2018,35
24-03-2018 20:00,24-03-2018,53
24-03-2018 21:00,24-03-2018,65
24-03-2018 22:00,24-03-2018,109
24-03-2018 23:00,24-03-2018,112
25-03-2018 00:00,25-03-2018,69
25-03-2018 01:00,25-03-2018,149.0714286
25-03-2018 02:00,25-03-2018,72
25-03-2018 03:00,25-03-2018,245
25-03-2018 04:00,25-03-2018,243
25-03-2018 05:00,25-03-2018,334
25-03-2018 06:00,25-03-2018,224.7692308
25-03-2018 07:00,25-03-2018,309.5384615
25-03-2018 08:00,25-03-2018,271.8181818
25-03-2018 09:00,25-03-2018,237.25
25-03-2018 10:00,25-03-2018,176.1666667
25-03-2018 11:00,25-03-2018,83.58333333
25-03-2018 12:00,25-03-2018,40.5
25-03-2018 13:00,25-03-2018,39.96
25-03-2018 14:00,25-03-2018,48.64
25-03-2018 15:00,25-03-2018,56.24
25-03-2018 16:00,25-03-2018,52.6
25-03-2018 17:00,25-03-2018,48.55172414
25-03-2018 18:00,25-03-2018,49.4137931
25-03-2018 19:00,25-03-2018,42
25-03-2018 20:00,25-03-2018,53
25-03-2018 21:00,25-03-2018,52
25-03-2018 22:00,25-03-2018,77
25-03-2018 23:00,25-03-2018,78
26-03-2018 00:00,26-03-2018,90
26-03-2018 01:00,26-03-2018,108
26-03-2018 02:00,26-03-2018,147
26-03-2018 03:00,26-03-2018,148
26-03-2018 04:00,26-03-2018,188
26-03-2018 05:00,26-03-2018,185
26-03-2018 06:00,26-03-2018,311
26-03-2018 07:00,26-03-2018,323
26-03-2018 08:00,26-03-2018,229
26-03-2018 09:00,26-03-2018,128
26-03-2018 10:00,26-03-2018,149
26-03-2018 11:00,26-03-2018,92
26-03-2018 12:00,26-03-2018,53
26-03-2018 13:00,26-03-2018,61
26-03-2018 14:00,26-03-2018,66
26-03-2018 15:00,26-03-2018,59
26-03-2018 16:00,26-03-2018,46
26-03-2018 17:00,26-03-2018,48
26-03-2018 18:00,26-03-2018,55
26-03-2018 19:00,26-03-2018,64
26-03-2018 20:00,26-03-2018,57
26-03-2018 21:00,26-03-2018,116
26-03-2018 22:00,26-03-2018,129
26-03-2018 23:00,26-03-2018,184
27-03-2018 00:00,27-03-2018,252
27-03-2018 01:00,27-03-2018,238
27-03-2018 02:00,27-03-2018,248
27-03-2018 03:00,27-03-2018,345
27-03-2018 04:00,27-03-2018,330
27-03-2018 05:00,27-03-2018,249
27-03-2018 06:00,27-03-2018,291
27-03-2018 07:00,27-03-2018,325
27-03-2018 08:00,27-03-2018,263.8947368
27-03-2018 09:00,27-03-2018,223.7894737
27-03-2018 10:00,27-03-2018,154.5263158
27-03-2018 11:00,27-03-2018,79.3
27-03-2018 12:00,27-03-2018,46.25
27-03-2018 13:00,27-03-2018,42.625
27-03-2018 14:00,27-03-2018,52.79166667
27-03-2018 15:00,27-03-2018,62.70833333
27-03-2018 16:00,27-03-2018,49.5
27-03-2018 17:00,27-03-2018,46
27-03-2018 18:00,27-03-2018,61
27-03-2018 19:00,27-03-2018,50
27-03-2018 20:00,27-03-2018,67
27-03-2018 21:00,27-03-2018,82
27-03-2018 22:00,27-03-2018,110
27-03-2018 23:00,27-03-2018,158
28-03-2018 00:00,28-03-2018,224
28-03-2018 01:00,28-03-2018,310
28-03-2018 02:00,28-03-2018,311
28-03-2018 03:00,28-03-2018,309
28-03-2018 04:00,28-03-2018,303
28-03-2018 05:00,28-03-2018,318
28-03-2018 06:00,28-03-2018,314
28-03-2018 07:00,28-03-2018,312
28-03-2018 08:00,28-03-2018,286
28-03-2018 09:00,28-03-2018,298
28-03-2018 10:00,28-03-2018,154
28-03-2018 11:00,28-03-2018,82
28-03-2018 12:00,28-03-2018,53
28-03-2018 13:00,28-03-2018,39
28-03-2018 14:00,28-03-2018,49
28-03-2018 15:00,28-03-2018,57
28-03-2018 16:00,28-03-2018,46
28-03-2018 17:00,28-03-2018,44
28-03-2018 18:00,28-03-2018,52
28-03-2018 19:00,28-03-2018,73
28-03-2018 20:00,28-03-2018,66
28-03-2018 21:00,28-03-2018,95
28-03-2018 22:00,28-03-2018,148
28-03-2018 23:00,28-03-2018,198
29-03-2018 00:00,29-03-2018,215
29-03-2018 01:00,29-03-2018,151
29-03-2018 02:00,29-03-2018,118
29-03-2018 03:00,29-03-2018,99
29-03-2018 04:00,29-03-2018,130
29-03-2018 05:00,29-03-2018,252.2777778
29-03-2018 06:00,29-03-2018,275.1176471
29-03-2018 07:00,29-03-2018,286.8235294
29-03-2018 08:00,29-03-2018,260.2727273
29-03-2018 09:00,29-03-2018,248.9090909
29-03-2018 10:00,29-03-2018,147.0909091
29-03-2018 11:00,29-03-2018,81.93333333
29-03-2018 12:00,29-03-2018,58.73333333
29-03-2018 13:00,29-03-2018,27
29-03-2018 14:00,29-03-2018,40
29-03-2018 15:00,29-03-2018,68
29-03-2018 16:00,29-03-2018,47
29-03-2018 17:00,29-03-2018,42
29-03-2018 18:00,29-03-2018,43
29-03-2018 19:00,29-03-2018,63
29-03-2018 20:00,29-03-2018,95
29-03-2018 21:00,29-03-2018,146
29-03-2018 22:00,29-03-2018,97
29-03-2018 23:00,29-03-2018,105
30-03-2018 00:00,30-03-2018,128
30-03-2018 01:00,30-03-2018,320
30-03-2018 02:00,30-03-2018,339
30-03-2018 03:00,30-03-2018,311
30-03-2018 04:00,30-03-2018,109
30-03-2018 05:00,30-03-2018,189.6428571
30-03-2018 06:00,30-03-2018,218.2857143
30-03-2018 07:00,30-03-2018,241.5
30-03-2018 08:00,30-03-2018,232.625
30-03-2018 09:00,30-03-2018,208.125
30-03-2018 10:00,30-03-2018,128.625
30-03-2018 11:00,30-03-2018,79.8125
30-03-2018 12:00,30-03-2018,66.4375
30-03-2018 13:00,30-03-2018,49.33333333
30-03-2018 14:00,30-03-2018,56.75
30-03-2018 15:00,30-03-2018,85.75
30-03-2018 16:00,30-03-2018,65.04166667
30-03-2018 17:00,30-03-2018,65.88461538
30-03-2018 18:00,30-03-2018,56.15384615
30-03-2018 19:00,30-03-2018,69.30769231
30-03-2018 20:00,30-03-2018,74.19230769
30-03-2018 21:00,30-03-2018,97.92307692
30-03-2018 22:00,30-03-2018,113
30-03-2018 23:00,30-03-2018,155.2
31-03-2018 00:00,31-03-2018,166.4
31-03-2018 01:00,31-03-2018,200
31-03-2018 02:00,31-03-2018,190.9333333
31-03-2018 03:00,31-03-2018,177.4333333
31-03-2018 04:00,31-03-2018,128.9333333
31-03-2018 05:00,31-03-2018,135.2777778
31-03-2018 06:00,31-03-2018,158.6666667
31-03-2018 07:00,31-03-2018,194.5555556
31-03-2018 08:00,31-03-2018,195.8888889
31-03-2018 09:00,31-03-2018,170.2222222
31-03-2018 10:00,31-03-2018,113.3333333
31-03-2018 11:00,31-03-2018,73
31-03-2018 12:00,31-03-2018,58
31-03-2018 13:00,31-03-2018,50
31-03-2018 14:00,31-03-2018,66
31-03-2018 15:00,31-03-2018,126
31-03-2018 16:00,31-03-2018,96
31-03-2018 17:00,31-03-2018,104
31-03-2018 18:00,31-03-2018,52
31-03-2018 19:00,31-03-2018,66
31-03-2018 20:00,31-03-2018,48
31-03-2018 21:00,31-03-2018,61
31-03-2018 22:00,31-03-2018,113
31-03-2018 23:00,31-03-2018,175
01-04-2018 00:00,01-04-2018,153
01-04-2018 01:00,01-04-2018,101
01-04-2018 02:00,01-04-2018,81
01-04-2018 03:00,01-04-2018,78
01-04-2018 04:00,01-04-2018,95
01-04-2018 05:00,01-04-2018,84
01-04-2018 06:00,01-04-2018,109
01-04-2018 07:00,01-04-2018,126
01-04-2018 08:00,01-04-2018,191.8125
01-04-2018 09:00,01-04-2018,159.625
01-04-2018 10:00,01-04-2018,121.375
01-04-2018 11:00,01-04-2018,96.41666667
01-04-2018 12:00,01-04-2018,84.58333333
01-04-2018 13:00,01-04-2018,83.42307692
01-04-2018 14:00,01-04-2018,77.69230769
01-04-2018 15:00,01-04-2018,94.15384615
01-04-2018 16:00,01-04-2018,72.26923077
01-04-2018 17:00,01-04-2018,78.57692308
01-04-2018 18:00,01-04-2018,76.42307692
01-04-2018 19:00,01-04-2018,84.92307692
01-04-2018 20:00,01-04-2018,91.88461538
01-04-2018 21:00,01-04-2018,93.03846154
01-04-2018 22:00,01-04-2018,121.6538462
01-04-2018 23:00,01-04-2018,183
02-04-2018 00:00,02-04-2018,174
02-04-2018 01:00,02-04-2018,141
02-04-2018 02:00,02-04-2018,87
02-04-2018 03:00,02-04-2018,86
02-04-2018 04:00,02-04-2018,90
02-04-2018 05:00,02-04-2018,129
02-04-2018 06:00,02-04-2018,161
02-04-2018 07:00,02-04-2018,182
02-04-2018 08:00,02-04-2018,117
02-04-2018 09:00,02-04-2018,98
02-04-2018 10:00,02-04-2018,88
02-04-2018 11:00,02-04-2018,97
02-04-2018 12:00,02-04-2018,119
02-04-2018 13:00,02-04-2018,108
02-04-2018 14:00,02-04-2018,71
02-04-2018 15:00,02-04-2018,72
02-04-2018 16:00,02-04-2018,67
02-04-2018 17:00,02-04-2018,84
02-04-2018 18:00,02-04-2018,123
02-04-2018 19:00,02-04-2018,108
02-04-2018 20:00,02-04-2018,90
02-04-2018 21:00,02-04-2018,60
02-04-2018 22:00,02-04-2018,85
02-04-2018 23:00,02-04-2018,119
03-04-2018 00:00,03-04-2018,176
03-04-2018 01:00,03-04-2018,215
03-04-2018 02:00,03-04-2018,224
03-04-2018 03:00,03-04-2018,129
03-04-2018 04:00,03-04-2018,122
03-04-2018 05:00,03-04-2018,106
03-04-2018 06:00,03-04-2018,149
03-04-2018 07:00,03-04-2018,292
03-04-2018 08:00,03-04-2018,254
03-04-2018 09:00,03-04-2018,149
03-04-2018 10:00,03-04-2018,88
03-04-2018 11:00,03-04-2018,79
03-04-2018 12:00,03-04-2018,96
03-04-2018 13:00,03-04-2018,135
03-04-2018 14:00,03-04-2018,110
03-04-2018 15:00,03-04-2018,75
03-04-2018 16:00,03-04-2018,53
03-04-2018 17:00,03-04-2018,61
03-04-2018 18:00,03-04-2018,69
03-04-2018 19:00,03-04-2018,98
03-04-2018 20:00,03-04-2018,150
03-04-2018 21:00,03-04-2018,110
03-04-2018 22:00,03-04-2018,147
03-04-2018 23:00,03-04-2018,154
04-04-2018 00:00,04-04-2018,136
04-04-2018 01:00,04-04-2018,176
04-04-2018 02:00,04-04-2018,230
04-04-2018 03:00,04-04-2018,250
04-04-2018 04:00,04-04-2018,176
04-04-2018 05:00,04-04-2018,150
04-04-2018 06:00,04-04-2018,123
04-04-2018 07:00,04-04-2018,233
04-04-2018 08:00,04-04-2018,215
04-04-2018 09:00,04-04-2018,246
04-04-2018 10:00,04-04-2018,184
04-04-2018 11:00,04-04-2018,124
04-04-2018 12:00,04-04-2018,62
04-04-2018 13:00,04-04-2018,116
04-04-2018 14:00,04-04-2018,144
04-04-2018 15:00,04-04-2018,132
04-04-2018 16:00,04-04-2018,70
04-04-2018 17:00,04-04-2018,58
04-04-2018 18:00,04-04-2018,73
04-04-2018 19:00,04-04-2018,95
04-04-2018 20:00,04-04-2018,190
04-04-2018 21:00,04-04-2018,221
04-04-2018 22:00,04-04-2018,231
04-04-2018 23:00,04-04-2018,185
05-04-2018 00:00,05-04-2018,273
05-04-2018 01:00,05-04-2018,308
05-04-2018 02:00,05-04-2018,345
05-04-2018 03:00,05-04-2018,361
05-04-2018 04:00,05-04-2018,382
05-04-2018 05:00,05-04-2018,375
05-04-2018 06:00,05-04-2018,412
05-04-2018 07:00,05-04-2018,413
05-04-2018 08:00,05-04-2018,401
05-04-2018 09:00,05-04-2018,384
05-04-2018 10:00,05-04-2018,364
05-04-2018 11:00,05-04-2018,308
05-04-2018 12:00,05-04-2018,53
05-04-2018 13:00,05-04-2018,40
05-04-2018 14:00,05-04-2018,67
05-04-2018 15:00,05-04-2018,107
05-04-2018 16:00,05-04-2018,83
05-04-2018 17:00,05-04-2018,51
05-04-2018 18:00,05-04-2018,27
05-04-2018 19:00,05-04-2018,35
05-04-2018 20:00,05-04-2018,49
05-04-2018 21:00,05-04-2018,182
05-04-2018 22:00,05-04-2018,187
05-04-2018 23:00,05-04-2018,178
06-04-2018 00:00,06-04-2018,188
06-04-2018 01:00,06-04-2018,219
06-04-2018 02:00,06-04-2018,154
06-04-2018 03:00,06-04-2018,129
06-04-2018 04:00,06-04-2018,221
06-04-2018 05:00,06-04-2018,211
06-04-2018 06:00,06-04-2018,142
06-04-2018 07:00,06-04-2018,120
06-04-2018 08:00,06-04-2018,178
06-04-2018 09:00,06-04-2018,146
06-04-2018 10:00,06-04-2018,101
06-04-2018 11:00,06-04-2018,150
06-04-2018 12:00,06-04-2018,75
06-04-2018 13:00,06-04-2018,53
06-04-2018 14:00,06-04-2018,58
06-04-2018 15:00,06-04-2018,128
06-04-2018 16:00,06-04-2018,140
06-04-2018 17:00,06-04-2018,136
06-04-2018 18:00,06-04-2018,75
06-04-2018 19:00,06-04-2018,48
06-04-2018 20:00,06-04-2018,81.6
06-04-2018 21:00,06-04-2018,116.5333333
06-04-2018 22:00,06-04-2018,3
06-04-2018 23:00,06-04-2018,40
07-04-2018 00:00,07-04-2018,58
07-04-2018 01:00,07-04-2018,12
07-04-2018 02:00,07-04-2018,4
07-04-2018 03:00,07-04-2018,10
07-04-2018 04:00,07-04-2018,36
07-04-2018 05:00,07-04-2018,61
07-04-2018 06:00,07-04-2018,79
07-04-2018 07:00,07-04-2018,132
07-04-2018 08:00,07-04-2018,53
07-04-2018 09:00,07-04-2018,22
07-04-2018 10:00,07-04-2018,68
07-04-2018 11:00,07-04-2018,81
07-04-2018 12:00,07-04-2018,73
07-04-2018 13:00,07-04-2018,64
07-04-2018 14:00,07-04-2018,40
07-04-2018 15:00,07-04-2018,55
07-04-2018 16:00,07-04-2018,61
07-04-2018 17:00,07-04-2018,71
07-04-2018 18:00,07-04-2018,81
07-04-2018 19:00,07-04-2018,70
07-04-2018 20:00,07-04-2018,45
07-04-2018 21:00,07-04-2018,44
07-04-2018 22:00,07-04-2018,64
07-04-2018 23:00,07-04-2018,95
08-04-2018 00:00,08-04-2018,90
08-04-2018 01:00,08-04-2018,147
08-04-2018 02:00,08-04-2018,49
08-04-2018 03:00,08-04-2018,37
08-04-2018 04:00,08-04-2018,32
08-04-2018 05:00,08-04-2018,43
08-04-2018 06:00,08-04-2018,56
08-04-2018 07:00,08-04-2018,95
08-04-2018 08:00,08-04-2018,64
08-04-2018 09:00,08-04-2018,49
08-04-2018 10:00,08-04-2018,45
08-04-2018 11:00,08-04-2018,70
08-04-2018 12:00,08-04-2018,79
08-04-2018 13:00,08-04-2018,76
08-04-2018 14:00,08-04-2018,71
08-04-2018 15:00,08-04-2018,49
08-04-2018 16:00,08-04-2018,41
08-04-2018 17:00,08-04-2018,56
08-04-2018 18:00,08-04-2018,90
08-04-2018 19:00,08-04-2018,83
08-04-2018 20:00,08-04-2018,70
08-04-2018 21:00,08-04-2018,38
08-04-2018 22:00,08-04-2018,32
08-04-2018 23:00,08-04-2018,41
09-04-2018 00:00,09-04-2018,72
09-04-2018 01:00,09-04-2018,77
09-04-2018 02:00,09-04-2018,96
09-04-2018 03:00,09-04-2018,84
09-04-2018 04:00,09-04-2018,52
09-04-2018 05:00,09-04-2018,48
09-04-2018 06:00,09-04-2018,69
09-04-2018 07:00,09-04-2018,111
09-04-2018 08:00,09-04-2018,140
09-04-2018 09:00,09-04-2018,101
09-04-2018 10:00,09-04-2018,35
09-04-2018 11:00,09-04-2018,2
09-04-2018 12:00,09-04-2018,5
09-04-2018 13:00,09-04-2018,36
09-04-2018 14:00,09-04-2018,52
09-04-2018 15:00,09-04-2018,58
09-04-2018 16:00,09-04-2018,19
09-04-2018 17:00,09-04-2018,7
09-04-2018 18:00,09-04-2018,25
09-04-2018 19:00,09-04-2018,42
09-04-2018 20:00,09-04-2018,94
09-04-2018 21:00,09-04-2018,127
09-04-2018 22:00,09-04-2018,113
09-04-2018 23:00,09-04-2018,92
10-04-2018 00:00,10-04-2018,151
10-04-2018 01:00,10-04-2018,114
10-04-2018 02:00,10-04-2018,201
10-04-2018 03:00,10-04-2018,232
10-04-2018 04:00,10-04-2018,166
10-04-2018 05:00,10-04-2018,97
10-04-2018 06:00,10-04-2018,124
10-04-2018 07:00,10-04-2018,178
10-04-2018 08:00,10-04-2018,200
10-04-2018 09:00,10-04-2018,225
10-04-2018 10:00,10-04-2018,97
10-04-2018 11:00,10-04-2018,70
10-04-2018 12:00,10-04-2018,54
10-04-2018 13:00,10-04-2018,69
10-04-2018 14:00,10-04-2018,126
10-04-2018 15:00,10-04-2018,120
10-04-2018 16:00,10-04-2018,106
10-04-2018 17:00,10-04-2018,52
10-04-2018 18:00,10-04-2018,58
10-04-2018 19:00,10-04-2018,44
10-04-2018 20:00,10-04-2018,78
10-04-2018 21:00,10-04-2018,118
10-04-2018 22:00,10-04-2018,85
10-04-2018 23:00,10-04-2018,50
11-04-2018 00:00,11-04-2018,24
11-04-2018 01:00,11-04-2018,45
11-04-2018 02:00,11-04-2018,69
11-04-2018 03:00,11-04-2018,90
11-04-2018 04:00,11-04-2018,99
11-04-2018 05:00,11-04-2018,79
11-04-2018 06:00,11-04-2018,35
11-04-2018 07:00,11-04-2018,39
11-04-2018 08:00,11-04-2018,21
11-04-2018 09:00,11-04-2018,83
11-04-2018 10:00,11-04-2018,83
11-04-2018 11:00,11-04-2018,85
11-04-2018 12:00,11-04-2018,64
11-04-2018 13:00,11-04-2018,40
11-04-2018 14:00,11-04-2018,52
11-04-2018 15:00,11-04-2018,81
11-04-2018 16:00,11-04-2018,103
11-04-2018 17:00,11-04-2018,69
11-04-2018 18:00,11-04-2018,28
11-04-2018 19:00,11-04-2018,6
11-04-2018 20:00,11-04-2018,17
11-04-2018 21:00,11-04-2018,17
11-04-2018 22:00,11-04-2018,27
11-04-2018 23:00,11-04-2018,46
12-04-2018 00:00,12-04-2018,35
12-04-2018 01:00,12-04-2018,14
12-04-2018 02:00,12-04-2018,25
12-04-2018 03:00,12-04-2018,23
12-04-2018 04:00,12-04-2018,86
12-04-2018 05:00,12-04-2018,27
12-04-2018 06:00,12-04-2018,21
12-04-2018 07:00,12-04-2018,1
12-04-2018 08:00,12-04-2018,8
12-04-2018 09:00,12-04-2018,34
12-04-2018 10:00,12-04-2018,76
12-04-2018 11:00,12-04-2018,71
12-04-2018 12:00,12-04-2018,77
12-04-2018 13:00,12-04-2018,57
12-04-2018 14:00,12-04-2018,36
12-04-2018 15:00,12-04-2018,66
12-04-2018 16:00,12-04-2018,63
12-04-2018 17:00,12-04-2018,37
12-04-2018 18:00,12-04-2018,29
12-04-2018 19:00,12-04-2018,28
12-04-2018 20:00,12-04-2018,49
12-04-2018 21:00,12-04-2018,63
12-04-2018 22:00,12-04-2018,69
12-04-2018 23:00,12-04-2018,312
13-04-2018 00:00,13-04-2018,261
13-04-2018 01:00,13-04-2018,67
13-04-2018 02:00,13-04-2018,70
13-04-2018 03:00,13-04-2018,152
13-04-2018 04:00,13-04-2018,115
13-04-2018 05:00,13-04-2018,300
13-04-2018 06:00,13-04-2018,228
13-04-2018 07:00,13-04-2018,270
13-04-2018 08:00,13-04-2018,247
13-04-2018 09:00,13-04-2018,306
13-04-2018 10:00,13-04-2018,177
13-04-2018 11:00,13-04-2018,52
13-04-2018 12:00,13-04-2018,14
13-04-2018 13:00,13-04-2018,9
13-04-2018 14:00,13-04-2018,12
13-04-2018 15:00,13-04-2018,56
13-04-2018 16:00,13-04-2018,35
13-04-2018 17:00,13-04-2018,11
13-04-2018 18:00,13-04-2018,60
13-04-2018 19:00,13-04-2018,47
13-04-2018 20:00,13-04-2018,44
13-04-2018 21:00,13-04-2018,59
13-04-2018 22:00,13-04-2018,72
13-04-2018 23:00,13-04-2018,182
14-04-2018 00:00,14-04-2018,324
14-04-2018 01:00,14-04-2018,291
14-04-2018 02:00,14-04-2018,282
14-04-2018 03:00,14-04-2018,156
14-04-2018 04:00,14-04-2018,160
14-04-2018 05:00,14-04-2018,220
14-04-2018 06:00,14-04-2018,262
14-04-2018 07:00,14-04-2018,307
14-04-2018 08:00,14-04-2018,308
14-04-2018 09:00,14-04-2018,326
14-04-2018 10:00,14-04-2018,277
14-04-2018 11:00,14-04-2018,96
14-04-2018 12:00,14-04-2018,45
14-04-2018 13:00,14-04-2018,11
14-04-2018 14:00,14-04-2018,23.2173913
14-04-2018 15:00,14-04-2018,4
14-04-2018 16:00,14-04-2018,12
14-04-2018 17:00,14-04-2018,19
14-04-2018 18:00,14-04-2018,17
14-04-2018 19:00,14-04-2018,42
14-04-2018 20:00,14-04-2018,46
14-04-2018 21:00,14-04-2018,61
14-04-2018 22:00,14-04-2018,100
14-04-2018 23:00,14-04-2018,160
15-04-2018 00:00,15-04-2018,234
15-04-2018 01:00,15-04-2018,187
15-04-2018 02:00,15-04-2018,183
15-04-2018 03:00,15-04-2018,204
15-04-2018 04:00,15-04-2018,321
15-04-2018 05:00,15-04-2018,301
15-04-2018 06:00,15-04-2018,326
15-04-2018 07:00,15-04-2018,356
15-04-2018 08:00,15-04-2018,345
15-04-2018 09:00,15-04-2018,316
15-04-2018 10:00,15-04-2018,175
15-04-2018 11:00,15-04-2018,141
15-04-2018 12:00,15-04-2018,27
15-04-2018 13:00,15-04-2018,9
15-04-2018 14:00,15-04-2018,8
15-04-2018 15:00,15-04-2018,19
15-04-2018 16:00,15-04-2018,36
15-04-2018 17:00,15-04-2018,39
15-04-2018 18:00,15-04-2018,34
15-04-2018 19:00,15-04-2018,50
15-04-2018 20:00,15-04-2018,55
15-04-2018 21:00,15-04-2018,63
15-04-2018 22:00,15-04-2018,110
15-04-2018 23:00,15-04-2018,88
16-04-2018 00:00,16-04-2018,118
16-04-2018 01:00,16-04-2018,180
16-04-2018 02:00,16-04-2018,278
16-04-2018 03:00,16-04-2018,168.8823529
16-04-2018 04:00,16-04-2018,222
16-04-2018 05:00,16-04-2018,244.8823529
16-04-2018 06:00,16-04-2018,267.9411765
16-04-2018 07:00,16-04-2018,307.2352941
16-04-2018 08:00,16-04-2018,292.8235294
16-04-2018 09:00,16-04-2018,276.4705882
16-04-2018 10:00,16-04-2018,188.3529412
16-04-2018 11:00,16-04-2018,107.4705882
16-04-2018 12:00,16-04-2018,35.70588235
16-04-2018 13:00,16-04-2018,16.76470588
16-04-2018 14:00,16-04-2018,17.84615385
16-04-2018 15:00,16-04-2018,27.52941176
16-04-2018 16:00,16-04-2018,35.35294118
16-04-2018 17:00,16-04-2018,29
16-04-2018 18:00,16-04-2018,28.80952381
16-04-2018 19:00,16-04-2018,40.76190476
16-04-2018 20:00,16-04-2018,46.61904762
16-04-2018 21:00,16-04-2018,60.14285714
16-04-2018 22:00,16-04-2018,93.66666667
16-04-2018 23:00,16-04-2018,120.0952381
17-04-2018 00:00,17-04-2018,156.6190476
17-04-2018 01:00,17-04-2018,167
17-04-2018 02:00,17-04-2018,207.4736842
17-04-2018 03:00,17-04-2018,168.7272727
17-04-2018 04:00,17-04-2018,201.7272727
17-04-2018 05:00,17-04-2018,221.8181818
17-04-2018 06:00,17-04-2018,263.6363636
17-04-2018 07:00,17-04-2018,320
17-04-2018 08:00,17-04-2018,291.9090909
17-04-2018 09:00,17-04-2018,242.3636364
17-04-2018 10:00,17-04-2018,178.0909091
17-04-2018 11:00,17-04-2018,98.90909091
17-04-2018 12:00,17-04-2018,38.54545455
17-04-2018 13:00,17-04-2018,23.18181818
17-04-2018 14:00,17-04-2018,28.88888889
17-04-2018 15:00,17-04-2018,34.90909091
17-04-2018 16:00,17-04-2018,42.45454545
17-04-2018 17:00,17-04-2018,27.84210526
17-04-2018 18:00,17-04-2018,24.31578947
17-04-2018 19:00,17-04-2018,34.89473684
17-04-2018 20:00,17-04-2018,41.68421053
17-04-2018 21:00,17-04-2018,57.94736842
17-04-2018 22:00,17-04-2018,87.36842105
17-04-2018 23:00,17-04-2018,97.78947368
18-04-2018 00:00,18-04-2018,119.1578947
18-04-2018 01:00,18-04-2018,137.1333333
18-04-2018 02:00,18-04-2018,164.2666667
18-04-2018 03:00,18-04-2018,156
18-04-2018 04:00,18-04-2018,163.8181818
18-04-2018 05:00,18-04-2018,164.9090909
18-04-2018 06:00,18-04-2018,236.5454545
18-04-2018 07:00,18-04-2018,313
18-04-2018 08:00,18-04-2018,266.7272727
18-04-2018 09:00,18-04-2018,167.8181818
18-04-2018 10:00,18-04-2018,153
18-04-2018 11:00,18-04-2018,85.27272727
18-04-2018 12:00,18-04-2018,47.54545455
18-04-2018 13:00,18-04-2018,36.81818182
18-04-2018 14:00,18-04-2018,44.8
18-04-2018 15:00,18-04-2018,48.18181818
18-04-2018 16:00,18-04-2018,55.63636364
18-04-2018 17:00,18-04-2018,24
18-04-2018 18:00,18-04-2018,9
18-04-2018 19:00,18-04-2018,27
18-04-2018 20:00,18-04-2018,26
18-04-2018 21:00,18-04-2018,55
18-04-2018 22:00,18-04-2018,81
18-04-2018 23:00,18-04-2018,81
19-04-2018 00:00,19-04-2018,79
19-04-2018 01:00,19-04-2018,84
19-04-2018 02:00,19-04-2018,88
19-04-2018 03:00,19-04-2018,144
19-04-2018 04:00,19-04-2018,125
19-04-2018 05:00,19-04-2018,124
19-04-2018 06:00,19-04-2018,211
19-04-2018 07:00,19-04-2018,303
19-04-2018 08:00,19-04-2018,242
19-04-2018 09:00,19-04-2018,111
19-04-2018 10:00,19-04-2018,132
19-04-2018 11:00,19-04-2018,70
19-04-2018 12:00,19-04-2018,53
19-04-2018 13:00,19-04-2018,47
19-04-2018 14:00,19-04-2018,54
19-04-2018 15:00,19-04-2018,61
19-04-2018 16:00,19-04-2018,66
19-04-2018 17:00,19-04-2018,33
19-04-2018 18:00,19-04-2018,40
19-04-2018 19:00,19-04-2018,29
19-04-2018 20:00,19-04-2018,57
19-04-2018 21:00,19-04-2018,57
19-04-2018 22:00,19-04-2018,75
19-04-2018 23:00,19-04-2018,89
20-04-2018 00:00,20-04-2018,92
